"","text","favorited","favoriteCount","replyToSN","created","truncated","replyToSID","id","replyToUID","statusSource","screenName","retweetCount","isRetweet","retweeted","longitude","latitude"
"1","@hitRECord @hitRECordJoe !!!!!",FALSE,0,"hitRECord",2018-12-11 23:16:30,FALSE,"1072614767246917632","1072631239943831552","24815314","<a href=""http://twitter.com/download/android"" rel=""nofollow"">Twitter for Android</a>","Liketheriverj",0,FALSE,FALSE,NA,NA
"2","Very cool challenge! Go for it! https://t.co/x1lIPcdFJV",FALSE,0,NA,2018-12-11 23:13:10,FALSE,NA,"1072630398205739008",NA,"<a href=""http://twitter.com"" rel=""nofollow"">Twitter Web Client</a>","cjcurcio",0,FALSE,FALSE,NA,NA
"3","A tourism poster that I created for the BGE2 x HitRecord collaboration. Was awesome seeing this in yesterday's live‚Ä¶ https://t.co/ai5rY86oun",FALSE,0,NA,2018-12-11 22:55:13,TRUE,NA,"1072625881129078784",NA,"<a href=""http://twitter.com/download/android"" rel=""nofollow"">Twitter for Android</a>","FDownes",0,FALSE,FALSE,NA,NA
"4","@hitRECordJoe @hitRECord I remember liking An American Tail as a kid, and I rewatched it a few years ago. Really doesn't hold up.",FALSE,0,"hitRECordJoe",2018-12-11 22:34:49,FALSE,"1072605120402210817","1072620749523959810","24807616","<a href=""https://mobile.twitter.com"" rel=""nofollow"">Twitter Lite</a>","MattMaybray",0,FALSE,FALSE,NA,NA
"5","@hitRECordJoe @hitRECord Pee Wee‚Äôs dance to ‚ÄúTequila!‚Äù - one of cinema‚Äôsbest moments! https://t.co/LUhmxuEeOB",FALSE,0,"hitRECordJoe",2018-12-11 22:15:39,FALSE,"1072605120402210817","1072615924748963841","24807616","<a href=""http://twitter.com/download/iphone"" rel=""nofollow"">Twitter for iPhone</a>","GailShevlin",0,FALSE,FALSE,NA,NA
"6","How would you interpret the voice of this girl lost in space? Looking for voice actors to read this script. Last da‚Ä¶ https://t.co/X3oJdElRE1",FALSE,20,NA,2018-12-11 22:11:03,TRUE,NA,"1072614767246917632",NA,"<a href=""https://buffer.com"" rel=""nofollow"">Buffer</a>","hitRECord",4,FALSE,FALSE,NA,NA
"7","Coooook!!!

#producer #producers #producerlife #musicproducer #trapmusic #talent #imakebeats #bonafukubeatz‚Ä¶ https://t.co/CgZ9Ml2UNQ",FALSE,0,NA,2018-12-11 22:03:58,TRUE,NA,"1072612984017559554",NA,"<a href=""http://instagram.com"" rel=""nofollow"">Instagram</a>","BonaFukuBeatz",1,FALSE,FALSE,"-90.1978","38.6272"
"8","@PostModernGreg @hitRECordJoe @hitRECord I was teaching a college American history class and made the same referenc‚Ä¶ https://t.co/cllXTY02lo",FALSE,0,"PostModernGreg",2018-12-11 22:02:09,TRUE,"1072607668785827840","1072612526985306112","2299453849","<a href=""http://twitter.com/download/iphone"" rel=""nofollow"">Twitter for iPhone</a>","mcbar1",0,FALSE,FALSE,NA,NA
"9","@hitRECord @hitRECordJoe I guess impossible dreams really can come true ‚ù§‚ù§‚ù§

Thank you for everything xo",FALSE,2,"salhutsontweets",2018-12-11 21:56:16,FALSE,"1072610184613249024","1072611047922679808","3150544213","<a href=""http://twitter.com/download/android"" rel=""nofollow"">Twitter for Android</a>","salhutsontweets",0,FALSE,FALSE,NA,NA
"10","@hitRECordJoe @hitRECord Showed this to my baby brother, who is currently crushing it with camera work for‚Ä¶ https://t.co/xJPmoBrOGu",FALSE,0,"hitRECordJoe",2018-12-11 21:50:22,TRUE,"1072605120402210817","1072609563663310848","24807616","<a href=""http://twitter.com"" rel=""nofollow"">Twitter Web Client</a>","kduffy1718",0,FALSE,FALSE,NA,NA
"11","@hitRECordJoe @hitRECord okay, you are awesome",FALSE,0,"hitRECordJoe",2018-12-11 21:49:06,FALSE,"1072605120402210817","1072609243939962881","24807616","<a href=""http://twitter.com"" rel=""nofollow"">Twitter Web Client</a>","foistedallegory",0,FALSE,FALSE,NA,NA
"12","@hitRECordJoe @hitRECord Yes!

It was so different watching it as an adult, and realizing how well made it actually‚Ä¶ https://t.co/zNxmUbHTgt",FALSE,0,"hitRECordJoe",2018-12-11 21:48:58,TRUE,"1072605120402210817","1072609208439332865","24807616","<a href=""http://twitter.com/download/iphone"" rel=""nofollow"">Twitter for iPhone</a>","LXanflorp",0,FALSE,FALSE,NA,NA
"13","@hitRECordJoe @hitRECord True story: I was at the Alamo, and someone actually asked if there was a basement. Okay,‚Ä¶ https://t.co/NAKvUsu3JS",FALSE,1,"hitRECordJoe",2018-12-11 21:42:50,TRUE,"1072605120402210817","1072607668785827840","24807616","<a href=""http://twitter.com"" rel=""nofollow"">Twitter Web Client</a>","PostModernGreg",0,FALSE,FALSE,NA,NA
"14","@hitRECordJoe @hitRECord Yay Pee Wee",FALSE,0,"hitRECordJoe",2018-12-11 21:38:02,FALSE,"1072605120402210817","1072606459752521728","24807616","<a href=""http://twitter.com/download/iphone"" rel=""nofollow"">Twitter for iPhone</a>","KimiSchmitz",0,FALSE,FALSE,NA,NA
"15","@hitRECord @hitRECordJoe These are the perfect end to my Christmas shopping.",FALSE,1,"hitRECord",2018-12-11 21:33:45,FALSE,"1072523921419890688","1072605379744464896","24815314","<a href=""http://twitter.com/#!/download/ipad"" rel=""nofollow"">Twitter for iPad</a>","MikeDes69126081",0,FALSE,FALSE,NA,NA
"16","A bunch of the @hitRECord staff got together a few years ago to watch it for movie night. Absolutely held up. So go‚Ä¶ https://t.co/G7x2EbxYCG",FALSE,88,NA,2018-12-11 21:32:43,TRUE,NA,"1072605120402210817",NA,"<a href=""http://twitter.com"" rel=""nofollow"">Twitter Web Client</a>","hitRECordJoe",3,FALSE,FALSE,NA,NA
"17","Perfect gift too!! https://t.co/v3KPcl9x3S",FALSE,2,NA,2018-12-11 21:06:08,FALSE,NA,"1072598428939620355",NA,"<a href=""http://twitter.com"" rel=""nofollow"">Twitter Web Client</a>","cjcurcio",0,FALSE,FALSE,NA,NA
"18","Looking for a good book to read on the subway? These pocket-sized books are perfect for your commute:‚Ä¶ https://t.co/IKglSVssqJ",FALSE,8,NA,2018-12-11 20:45:04,TRUE,NA,"1072593127653994496",NA,"<a href=""https://buffer.com"" rel=""nofollow"">Buffer</a>","hitRECord",3,FALSE,FALSE,NA,NA
"19","@JayhanOfficial @bgegame @Chris_RWS @hitRECord I've tried my hand at a few things, so I've never done anything like‚Ä¶ https://t.co/zbAUsCCTPw",FALSE,0,"JayhanOfficial",2018-12-11 19:52:46,TRUE,"1072578102033817600","1072579969191198727","1232157763","<a href=""http://twitter.com"" rel=""nofollow"">Twitter Web Client</a>","Kierro2",0,FALSE,FALSE,NA,NA
"20","@Kierro2 @bgegame @Chris_RWS @hitRECord Thanks so much, Kierro! Yes, that's what makes this so beautiful. I got mor‚Ä¶ https://t.co/ib2Bs0PNRa",FALSE,1,"Kierro2",2018-12-11 19:45:21,TRUE,"1072550470877618182","1072578102033817600","847892924838940673","<a href=""http://twitter.com/download/android"" rel=""nofollow"">Twitter for Android</a>","JayhanOfficial",0,FALSE,FALSE,NA,NA
"21","If you've ever been interested in acting, this could be a great place to start. Just looking for people that want t‚Ä¶ https://t.co/xnWfH1Yzcz",FALSE,121,NA,2018-12-11 19:17:00,TRUE,NA,"1072570965261991938",NA,"<a href=""https://buffer.com"" rel=""nofollow"">Buffer</a>","hitRECordJoe",17,FALSE,FALSE,NA,NA
"22","@GameRant Shame there's no mention of the Hitrecord assets!",FALSE,0,"GameRant",2018-12-11 19:15:51,FALSE,"1072570219598659584","1072570677855748096","67712170","<a href=""http://twitter.com"" rel=""nofollow"">Twitter Web Client</a>","dtakes23",0,FALSE,FALSE,NA,NA
"23","Swoon üíõ The beauty of HITRECORD community https://t.co/XGgYeFdTMq",FALSE,10,NA,2018-12-11 18:16:20,FALSE,NA,"1072555699350179841",NA,"<a href=""http://twitter.com"" rel=""nofollow"">Twitter Web Client</a>","hitRECord",0,FALSE,FALSE,NA,NA
"24","@EinsteinMyMind @hitRECordJoe Try using our HITRECORD app, available on Google Play (https://t.co/cHkm7wMHx8) and i‚Ä¶ https://t.co/ntH6SFKB8U",FALSE,1,"EinsteinMyMind",2018-12-11 18:13:48,TRUE,"1072515001825542144","1072555063275597824","1066748514854686721","<a href=""http://twitter.com"" rel=""nofollow"">Twitter Web Client</a>","hitRECord",0,FALSE,FALSE,NA,NA
"25","@bgegame @JayhanOfficial @Chris_RWS @hitRECord It's awesome that BGE devs are working with https://t.co/BbNXevhe8M,‚Ä¶ https://t.co/yF0MbYeodX",FALSE,2,"bgegame",2018-12-11 17:55:33,TRUE,"1072526332951707648","1072550470877618182","874373977061195776","<a href=""http://twitter.com"" rel=""nofollow"">Twitter Web Client</a>","Kierro2",0,FALSE,FALSE,NA,NA
"26","@JayhanOfficial @bgegame @hitRECord Congrats, Julia!",FALSE,2,"JayhanOfficial",2018-12-11 17:53:36,FALSE,"1072247048546779136","1072549978357284866","1232157763","<a href=""http://twitter.com"" rel=""nofollow"">Twitter Web Client</a>","Kierro2",0,FALSE,FALSE,NA,NA
"27","My poem was remixed into a song!üòÜ
Thank you @Bobbie_C
crossed paths on @hitRECord https://t.co/kIpFl15MPS‚Ä¶ https://t.co/GPBNkwAzOF",FALSE,0,NA,2018-12-11 17:29:24,TRUE,NA,"1072543890178277376",NA,"<a href=""http://twitter.com"" rel=""nofollow"">Twitter Web Client</a>","TheClassyTeacup",0,FALSE,FALSE,NA,NA
"28","Great to collaborate with creatives. It makes me feel so good to be a part of this. 
Please take a listen to me nar‚Ä¶ https://t.co/tz1cmbara9",FALSE,1,NA,2018-12-11 17:10:37,TRUE,NA,"1072539159519264769",NA,"<a href=""http://twitter.com/download/android"" rel=""nofollow"">Twitter for Android</a>","CreativeTigress",0,FALSE,FALSE,NA,NA
"29","*STORE SALE* Free shipping in the U.S. for all orders $50 and up. 

Good stuff to choose from (I swear) ‚Äî‚Ä¶ https://t.co/7SsdCgG9Iz",FALSE,3,NA,2018-12-11 17:03:00,TRUE,NA,"1072537244143996928",NA,"<a href=""https://about.twitter.com/products/tweetdeck"" rel=""nofollow"">TweetDeck</a>","hitRECord",0,FALSE,FALSE,NA,NA
"30","Take a look at this character. Who has a story for them? https://t.co/bbs4wXZ01h https://t.co/1zNd6QC6Pa",FALSE,180,NA,2018-12-11 17:02:05,FALSE,NA,"1072537015806291968",NA,"<a href=""https://buffer.com"" rel=""nofollow"">Buffer</a>","hitRECordJoe",18,FALSE,FALSE,NA,NA
"31","@Ubisoft I like what they showed. Looks like a lot of fleshing-out is still needed though. Take your time and do it‚Ä¶ https://t.co/DuNf8bjUe4",FALSE,0,"Ubisoft",2018-12-11 16:51:52,TRUE,"1072530890989940736","1072534443368308736","14922225","<a href=""http://twitter.com/download/android"" rel=""nofollow"">Twitter for Android</a>","pseudokings",0,FALSE,FALSE,NA,NA
"32","@bgegame @Chris_RWS @hitRECord My pleasure! Again, big thanks to you, your team, hitRECord, Ubisoft, everyone that‚Ä¶ https://t.co/r4a9fxDD0L",FALSE,2,"bgegame",2018-12-11 16:49:48,TRUE,"1072526332951707648","1072533923350093824","874373977061195776","<a href=""http://twitter.com/download/android"" rel=""nofollow"">Twitter for Android</a>","JayhanOfficial",0,FALSE,FALSE,NA,NA
"33","@JayhanOfficial @Chris_RWS @hitRECord Beautiful voice! Thanks for your contributions to #BGE2!",FALSE,5,"JayhanOfficial",2018-12-11 16:19:39,FALSE,"1072324877372264448","1072526332951707648","1232157763","<a href=""http://twitter.com"" rel=""nofollow"">Twitter Web Client</a>","bgegame",1,FALSE,FALSE,NA,NA
"34","These tiny books are the perfect stocking-stuffer. Order NOW to receive them in time for the holidays!‚Ä¶ https://t.co/heO7L74hBn",FALSE,56,NA,2018-12-11 16:10:04,TRUE,NA,"1072523921419890688",NA,"<a href=""https://buffer.com"" rel=""nofollow"">Buffer</a>","hitRECord",7,FALSE,FALSE,NA,NA
"35","@hitRECordJoe I'm trying to contribute to the voice acting but I guess my app isn't compatible. What app would you‚Ä¶ https://t.co/l9PgmMxRy5",FALSE,1,"hitRECordJoe",2018-12-11 15:34:37,TRUE,NA,"1072515001825542144","24807616","<a href=""https://mobile.twitter.com"" rel=""nofollow"">Twitter Lite</a>","EinsteinMyMind",0,FALSE,FALSE,NA,NA
"36","@hitRECordJoe That‚Äôs my favourite experience level! #hitrecord",FALSE,2,"hitRECordJoe",2018-12-11 15:08:15,FALSE,"1072507298852028416","1072508365283254272","24807616","<a href=""http://twitter.com/download/iphone"" rel=""nofollow"">Twitter for iPhone</a>","Snagglefoot",0,FALSE,FALSE,NA,NA
"37","Zero previous experience needed for this voice acting opportunity. Just read the script aloud and record. INFO: https://t.co/5qHTO5QumA",FALSE,104,NA,2018-12-11 15:04:00,FALSE,NA,"1072507298852028416",NA,"<a href=""https://buffer.com"" rel=""nofollow"">Buffer</a>","hitRECordJoe",15,FALSE,FALSE,NA,NA
"38","@hitRECord someone totally needs to do some üíÖ
üòÇ",FALSE,0,"hitRECord",2018-12-11 14:44:21,FALSE,"1072279304187199489","1072502351309750272","24815314","<a href=""http://twitter.com"" rel=""nofollow"">Twitter Web Client</a>","ViciousVixxenV",0,FALSE,FALSE,NA,NA
"39","Any + all opinions wanted: https://t.co/yuPrT02qXh",FALSE,53,NA,2018-12-11 14:08:00,FALSE,NA,"1072493204606464000",NA,"<a href=""https://buffer.com"" rel=""nofollow"">Buffer</a>","hitRECordJoe",4,FALSE,FALSE,NA,NA
"40","https://t.co/muGWeFci0U https://t.co/GjrRgerCUt",FALSE,0,NA,2018-12-11 13:20:40,FALSE,NA,"1072481292300750848",NA,"<a href=""http://tapbots.com/tweetbot"" rel=""nofollow"">Tweetbot for iŒüS</a>","mcdev",0,FALSE,FALSE,NA,NA
"41","https://t.co/esn5qMoiMM 
I made a Track and Stems for Remixing. Its featured on the site, go check it out. #remix‚Ä¶ https://t.co/19O8RiGaf0",FALSE,1,NA,2018-12-11 12:54:08,TRUE,NA,"1072474615597989888",NA,"<a href=""http://twitter.com/download/android"" rel=""nofollow"">Twitter for Android</a>","JAO_MUSIC",0,FALSE,FALSE,NA,NA
"42","@hitRECordJoe I added this to hitRECord but wanted to here also. I took this in New Mexico in 2001. It was before I‚Ä¶ https://t.co/lEB9z9j1rI",FALSE,3,"hitRECordJoe",2018-12-11 12:37:24,TRUE,"1072464263221047297","1072470405498191872","24807616","<a href=""http://twitter.com/download/iphone"" rel=""nofollow"">Twitter for iPhone</a>","rexgeist",0,FALSE,FALSE,NA,NA
"43","What's the best photo you've taken? Post it here: https://t.co/t3M1pTOVf8",FALSE,128,NA,2018-12-11 12:13:00,FALSE,NA,"1072464263221047297",NA,"<a href=""https://buffer.com"" rel=""nofollow"">Buffer</a>","hitRECordJoe",9,FALSE,FALSE,NA,NA
"44","@haynzy @bella_penfold @DJIronik @nostarspep ‚òùüèΩMore #hitrecord üé∂",FALSE,3,"haynzy",2018-12-11 11:54:39,FALSE,"1070799080153075712","1072459646219284480","18983413","<a href=""http://twitter.com/download/iphone"" rel=""nofollow"">Twitter for iPhone</a>","ReelSDarkKnight",0,FALSE,FALSE,NA,NA
"45","Which of your photos do you think could be on the cover of a music album? Post 'em here: https://t.co/xqYnUOXqhE",FALSE,164,NA,2018-12-11 05:13:00,FALSE,NA,"1072358567137763328",NA,"<a href=""https://buffer.com"" rel=""nofollow"">Buffer</a>","hitRECordJoe",13,FALSE,FALSE,NA,NA
"46","@Chris_RWS @bgegame @hitRECord Ack it is isn't it
This can't be  r e a l
I'm so happyyyyyyyyyyyyyyyyyyyyyyyyyyyyyyyyyyyyyyyyyyyyyyyyyyyyyyy",FALSE,5,"Chris_RWS",2018-12-11 02:59:08,FALSE,"1072284559008509952","1072324877372264448","1453396112","<a href=""http://twitter.com"" rel=""nofollow"">Twitter Web Client</a>","JayhanOfficial",0,FALSE,FALSE,NA,NA
"47","Actors needed here: https://t.co/eI78ulyBDn",FALSE,95,NA,2018-12-11 02:21:01,FALSE,NA,"1072315284248240129",NA,"<a href=""https://buffer.com"" rel=""nofollow"">Buffer</a>","hitRECordJoe",13,FALSE,FALSE,NA,NA
"48","A physical book: WHAT A GREAT IDEA!!! I love it! https://t.co/VgYEoelPxc",FALSE,2,NA,2018-12-11 02:12:50,FALSE,NA,"1072313226916974592",NA,"<a href=""http://twitter.com"" rel=""nofollow"">Twitter Web Client</a>","cjcurcio",0,FALSE,FALSE,NA,NA
"49","@hitRECord Would have loved if it was the same format as the Tiny Books, but that‚Äôs just my desire for uniformity o‚Ä¶ https://t.co/6oo6Nf5gQ6",FALSE,1,"hitRECord",2018-12-11 01:35:15,TRUE,"1072279304187199489","1072303768564322304","24815314","<a href=""http://tapbots.com/tweetbot"" rel=""nofollow"">Tweetbot for iŒüS</a>","tyroga",0,FALSE,FALSE,NA,NA
"50","Just signed up with HITRECORD! @hitRECordJoe. I'm very excited to get started and for this new opportunity and chan‚Ä¶ https://t.co/1qIDpKSyGs",FALSE,0,NA,2018-12-11 00:54:09,TRUE,NA,"1072293425347612672",NA,"<a href=""http://twitter.com"" rel=""nofollow"">Twitter Web Client</a>","APoncetta",0,FALSE,FALSE,NA,NA
"51","2 days left for this deal! Free shipping on all domestic orders over $50 on the entire RECord store!‚Ä¶ https://t.co/B5vD7uJ6OD",FALSE,2,NA,2018-12-11 00:53:28,TRUE,NA,"1072293255268704258",NA,"<a href=""https://buffer.com"" rel=""nofollow"">Buffer</a>","hitRECord",0,FALSE,FALSE,NA,NA
"52","@JayhanOfficial @bgegame @hitRECord Jay this is so cool",FALSE,1,"JayhanOfficial",2018-12-11 00:18:55,FALSE,"1072247048546779136","1072284559008509952","1232157763","<a href=""http://twitter.com/download/iphone"" rel=""nofollow"">Twitter for iPhone</a>","Chris_RWS",0,FALSE,FALSE,NA,NA
"53","Serious question: why is this skull-faced monster holding a wisp? Reply here ‚Äî&gt; https://t.co/CURn7ihZh4 https://t.co/vg1wRhbI3F",FALSE,140,NA,2018-12-11 00:01:03,FALSE,NA,"1072280060885954561",NA,"<a href=""https://buffer.com"" rel=""nofollow"">Buffer</a>","hitRECordJoe",10,FALSE,FALSE,NA,NA
"54","@hitRECord Coolness",FALSE,1,"hitRECord",2018-12-11 00:00:15,FALSE,"1072279304187199489","1072279861803274241","24815314","<a href=""http://twitter.com/download/android"" rel=""nofollow"">Twitter for Android</a>","dru_glen",0,FALSE,FALSE,NA,NA
"55","There's no replacement for a book w/ actual pages; something you can hold in your hands and put on your shelf. 

He‚Ä¶ https://t.co/6nCaA5HQuW",FALSE,19,NA,2018-12-10 23:58:02,TRUE,NA,"1072279304187199489",NA,"<a href=""http://twitter.com"" rel=""nofollow"">Twitter Web Client</a>","hitRECord",4,FALSE,FALSE,NA,NA
"56","@hitRECordJoe @hitRECord Now that's what im talking about! #Unity #HumanRightsDay #TheGreatestOfTheseIsLove üåπ",FALSE,0,"hitRECordJoe",2018-12-10 23:07:37,FALSE,"1072265784041197568","1072266616258396160","24807616","<a href=""http://twitter.com/download/android"" rel=""nofollow"">Twitter for Android</a>","EmilyNi79376491",0,FALSE,FALSE,NA,NA
"57","@hitRECordJoe @hitRECord any advice for a struggling artist?",FALSE,0,"hitRECordJoe",2018-12-10 23:06:45,FALSE,"1072265784041197568","1072266396820758528","24807616","<a href=""http://twitter.com/download/android"" rel=""nofollow"">Twitter for Android</a>","catalystmic",0,FALSE,FALSE,NA,NA
"58","Just read through your thread. Made me so happy to hear about your experience on @hitRECord. The whole point is to‚Ä¶ https://t.co/zSfZciQW6F",FALSE,116,NA,2018-12-10 23:04:19,TRUE,NA,"1072265784041197568",NA,"<a href=""http://twitter.com"" rel=""nofollow"">Twitter Web Client</a>","hitRECordJoe",10,FALSE,FALSE,NA,NA
"59","@JayhanOfficial @bgegame @hitRECord üëçüëç",FALSE,0,"JayhanOfficial",2018-12-10 22:53:18,FALSE,"1072247048546779136","1072263014404055042","1232157763","<a href=""http://twitter.com"" rel=""nofollow"">Twitter Web Client</a>","PJmiekidzandi",0,FALSE,FALSE,NA,NA
"60","@JayhanOfficial @bgegame @hitRECord https://t.co/cZKDURILjk",FALSE,2,"JayhanOfficial",2018-12-10 22:34:52,FALSE,"1072247048546779136","1072258375390511104","1232157763","<a href=""http://twitter.com/download/iphone"" rel=""nofollow"">Twitter for iPhone</a>","SPD64",0,FALSE,FALSE,NA,NA
"61","@JayhanOfficial @hitRECord @bgegame I can not wait for this üôåüôåüôå",FALSE,1,"JayhanOfficial",2018-12-10 22:22:55,FALSE,"1072247048546779136","1072255366430384141","1232157763","<a href=""http://twitter.com/download/iphone"" rel=""nofollow"">Twitter for iPhone</a>","ColdFever594",0,FALSE,FALSE,NA,NA
"62","Looking for a voice actor to play a narrator. Script + add'l info here: https://t.co/vKd7WCB3Oy",FALSE,128,NA,2018-12-10 21:03:00,FALSE,NA,"1072235255157964800",NA,"<a href=""https://buffer.com"" rel=""nofollow"">Buffer</a>","hitRECordJoe",33,FALSE,FALSE,NA,NA
"63","@daisieapp This is what I am waiting for @garyvee. Being a past contributor to @hitRECord and @Quirky. Not sure if‚Ä¶ https://t.co/xbAniqxTNn",FALSE,0,"daisieapp",2018-12-10 20:45:29,TRUE,"1024647175039528960","1072230846650695680","562107776","<a href=""http://twitter.com/download/android"" rel=""nofollow"">Twitter for Android</a>","garcia590",0,FALSE,FALSE,NA,NA
"64","Princesslettuce is hyping me up on insta lol üíï‚ù§Ô∏èü§ó #bge2 #bgegame #hitrecord https://t.co/ASghvJBHej",FALSE,5,NA,2018-12-10 20:36:11,FALSE,NA,"1072228504446664706",NA,"<a href=""http://twitter.com/download/iphone"" rel=""nofollow"">Twitter for iPhone</a>","dtakes23",0,FALSE,FALSE,NA,NA
"65","... make a better experience for people who want to come and create in the community. @hitRECord is very special to‚Ä¶ https://t.co/LtkSazDSam",FALSE,13,"beckyfinlayson",2018-12-10 19:54:02,TRUE,"1072217542763184128","1072217899702607878","34430641","<a href=""http://twitter.com/download/iphone"" rel=""nofollow"">Twitter for iPhone</a>","beckyfinlayson",0,FALSE,FALSE,NA,NA
"66","In an awed state about how lucky we are to live in this advanced technological age. Yes, the internet can be a shit‚Ä¶ https://t.co/9ncFPXq4g7",FALSE,18,NA,2018-12-10 19:52:37,TRUE,NA,"1072217542763184128",NA,"<a href=""http://twitter.com/download/iphone"" rel=""nofollow"">Twitter for iPhone</a>","beckyfinlayson",1,FALSE,FALSE,NA,NA
"67","@hitRECord PS: more on the way, including a return to ""wanderer""... stay tuned ;o)",FALSE,1,"hitRECord",2018-12-10 19:49:59,FALSE,"1072198356502437891","1072216880461561857","24815314","<a href=""http://twitter.com/download/android"" rel=""nofollow"">Twitter for Android</a>","Sir_Beardo",0,FALSE,FALSE,NA,NA
"68","@hitRECord thank u guys ‚ù§Ô∏è",FALSE,0,"hitRECord",2018-12-10 19:44:42,FALSE,"1072198356502437891","1072215551555055617","24815314","<a href=""http://twitter.com/download/android"" rel=""nofollow"">Twitter for Android</a>","Sir_Beardo",0,FALSE,FALSE,NA,NA
"69","@hitRECord It was incredible to see and hear our work in this livestream. So proud to see how my monkey geoglyph wi‚Ä¶ https://t.co/tYDykL2NtP",FALSE,2,"hitRECord",2018-12-10 19:20:25,TRUE,"1072177806732275712","1072209439476891650","24815314","<a href=""http://twitter.com/download/iphone"" rel=""nofollow"">Twitter for iPhone</a>","PaulineSLF",0,FALSE,FALSE,NA,NA
"70","#askBGE this may be jumoing the gun a bit but will there be a release for the music of this game, not just orchestr‚Ä¶ https://t.co/dapFMUp3MF",FALSE,0,NA,2018-12-10 18:48:36,TRUE,NA,"1072201431195766784",NA,"<a href=""http://twitter.com"" rel=""nofollow"">Twitter Web Client</a>","joanes13",0,FALSE,FALSE,NA,NA
"71","Beautiful https://t.co/NvyypqmZXk",FALSE,11,NA,2018-12-10 18:36:23,FALSE,NA,"1072198356502437891",NA,"<a href=""http://twitter.com"" rel=""nofollow"">Twitter Web Client</a>","hitRECord",1,FALSE,FALSE,NA,NA
"72","@Chrissy_fd @hitRECordJoe @jason_angelone Yup!",FALSE,0,"Chrissy_fd",2018-12-10 18:35:46,FALSE,"1072186026729320449","1072198202336538624","484895429","<a href=""http://twitter.com"" rel=""nofollow"">Twitter Web Client</a>","hitRECord",0,FALSE,FALSE,NA,NA
"73","@WerePan83 @ViciousVixxenV @hitRECordJoe Amazing!",FALSE,1,"WerePan83",2018-12-10 18:31:19,FALSE,"1071866286194483200","1072197080544829440","905096417038958592","<a href=""http://twitter.com"" rel=""nofollow"">Twitter Web Client</a>","hitRECord",0,FALSE,FALSE,NA,NA
"74","Lion leaves.. https://t.co/hCElxQZXgn https://t.co/mGbNbAyEtR",FALSE,407,NA,2018-12-10 18:16:02,FALSE,NA,"1072193234615627776",NA,"<a href=""https://buffer.com"" rel=""nofollow"">Buffer</a>","hitRECordJoe",35,FALSE,FALSE,NA,NA
"75","I filmed my reaction to the #BGE2 livestream.
Holy holy holy holy SHIT WHAT 
You GUYS
THANK YOU!!!
AND CONGRATS ON‚Ä¶ https://t.co/cn7TxigJAo",FALSE,10,NA,2018-12-10 18:12:15,TRUE,NA,"1072192281782951936",NA,"<a href=""http://twitter.com"" rel=""nofollow"">Twitter Web Client</a>","JayhanOfficial",0,FALSE,FALSE,NA,NA
"76","Damn... the more I see of @bgegame the more I need to get my hands on it. Amazing stuff the team is creating! 
And‚Ä¶ https://t.co/s5AKX17hlj",FALSE,3,NA,2018-12-10 17:59:26,TRUE,NA,"1072189058414206978",NA,"<a href=""http://twitter.com"" rel=""nofollow"">Twitter Web Client</a>","MauroDiogo",1,FALSE,FALSE,NA,NA
"77","@hitRECord @Dystopika This. ‚ô•Ô∏è",FALSE,1,"hitRECord",2018-12-10 17:51:40,FALSE,"1071880919185641472","1072187102148800512","24815314","<a href=""http://twitter.com/download/android"" rel=""nofollow"">Twitter for Android</a>","mridu2903",0,FALSE,FALSE,NA,NA
"78","@hitRECordJoe @jason_angelone I better get one then!! Plays in all regions? @hitRECord",FALSE,0,"hitRECordJoe",2018-12-10 17:47:23,FALSE,"1071919684939849728","1072186026729320449","24807616","<a href=""http://twitter.com/download/iphone"" rel=""nofollow"">Twitter for iPhone</a>","Chrissy_fd",0,FALSE,FALSE,NA,NA
"79","""My body will grow into a tree of its own / I root myself to prove myself I've grown..."" 

@hitRECord 1st new Robo‚Ä¶ https://t.co/wlyBB7Z6bp",FALSE,7,NA,2018-12-10 17:43:16,TRUE,NA,"1072184989071106050",NA,"<a href=""http://twitter.com/download/android"" rel=""nofollow"">Twitter for Android</a>","Sir_Beardo",1,FALSE,FALSE,NA,NA
"80","Ils en ont profit√© pour montrer une premi√®re int√©gration d'≈ìuvre issue du partenariat avec HitRECord",FALSE,0,"Damodread",2018-12-10 17:37:51,FALSE,"1072183223810252800","1072183626308165634","350226191","<a href=""https://about.twitter.com/products/tweetdeck"" rel=""nofollow"">TweetDeck</a>","Damodread",0,FALSE,FALSE,NA,NA
"81","Live now! Especially cool is there will be a live gameplay demo, featuring some BGE2 x HITRECORD CONTRIBUTIONS. https://t.co/zEPmCd9Uk3",FALSE,10,NA,2018-12-10 17:14:43,FALSE,NA,"1072177806732275712",NA,"<a href=""http://twitter.com/download/iphone"" rel=""nofollow"">Twitter for iPhone</a>","hitRECord",0,FALSE,FALSE,NA,NA
"82","#BGE2/Space Monkey/#hitRECord update soon!
See y'all there! üòÜü§òüíöüíöüíö
#Ubisoft #BGE #Livestream #PUMPED https://t.co/HUz0ERpH1F",FALSE,5,NA,2018-12-10 16:53:20,FALSE,NA,"1072172425205481472",NA,"<a href=""http://twitter.com/download/android"" rel=""nofollow"">Twitter for Android</a>","JayhanOfficial",0,FALSE,FALSE,NA,NA
"83","Feminism meets fairytale (in graphic novel form) ‚Äî a few copies are left here: https://t.co/CNbgy0vJAN https://t.co/rzC7WJjd95",FALSE,114,NA,2018-12-10 15:08:04,FALSE,NA,"1072145933935280129",NA,"<a href=""https://buffer.com"" rel=""nofollow"">Buffer</a>","hitRECordJoe",8,FALSE,FALSE,NA,NA
"84","https://t.co/vCCPBGj23u",FALSE,0,NA,2018-12-10 14:25:53,FALSE,NA,"1072135318160044033",NA,"<a href=""http://twitter.com/download/iphone"" rel=""nofollow"">Twitter for iPhone</a>","artsoi_k",0,FALSE,FALSE,NA,NA
"85","@kingofsilence17 @Ubisoft Not sure, they're gonna be showcasing some of the HitRecord stuff that made it into the game.",FALSE,1,"kingofsilence17",2018-12-10 14:14:19,FALSE,"1072131247785299969","1072132405388025861","845674632065810432","<a href=""http://twitter.com"" rel=""nofollow"">Twitter Web Client</a>","AbilityDrain",0,FALSE,FALSE,NA,NA
"86","@hitRECordJoe I know you mean to post to hitrecord site, but I‚Äôll just be ‚Äòthat guy‚Äô.... Crater Lake, OR https://t.co/QTJIuZNhWY",FALSE,5,"hitRECordJoe",2018-12-10 13:22:35,FALSE,"1072118503614767104","1072119387992125441","24807616","<a href=""http://twitter.com/download/iphone"" rel=""nofollow"">Twitter for iPhone</a>","GrandmaPuncher",0,FALSE,FALSE,NA,NA
"87","Show me your best sunset photo here: https://t.co/0QibNgnYN2 https://t.co/1dmTB8Hl7w",FALSE,263,NA,2018-12-10 13:19:04,FALSE,NA,"1072118503614767104",NA,"<a href=""https://buffer.com"" rel=""nofollow"">Buffer</a>","hitRECordJoe",33,FALSE,FALSE,NA,NA
"88","All fun and games 
until you remember tomorrow is Monday.
(Unless you're an entrepreneur 
or retired)‚Ä¶ https://t.co/Fn0NfPWkwJ",FALSE,0,NA,2018-12-10 13:06:31,TRUE,NA,"1072115345018814466",NA,"<a href=""http://www.facebook.com/twitter"" rel=""nofollow"">Facebook</a>","demonproducer",0,FALSE,FALSE,NA,NA
"89",".
.
.
.
.
#hotnewhiphop #rapmusic #unsignedartist #soundcloud #musician #spinrilla #audiomack #hiphopblog‚Ä¶ https://t.co/QjGOyK8FSg",FALSE,3,NA,2018-12-10 12:41:48,TRUE,NA,"1072109122869489664",NA,"<a href=""http://twitter.com/download/iphone"" rel=""nofollow"">Twitter for iPhone</a>","YUNGKLIPBEATZ",0,FALSE,FALSE,NA,NA
"90","Don't forget to tune in at @bgegame's livestream tater today! In less then 6 hours they will be showcasing a demo (‚Ä¶ https://t.co/6OBpaqUYzH",FALSE,46,NA,2018-12-10 11:18:07,TRUE,NA,"1072088061834612737",NA,"<a href=""http://twitter.com/download/android"" rel=""nofollow"">Twitter for Android</a>","ArtDeckNL",9,FALSE,FALSE,NA,NA
"91","Monday AM vibes.. https://t.co/fLxKJOwUs8 https://t.co/DBebgTvzF3",FALSE,821,NA,2018-12-10 11:01:02,FALSE,NA,"1072083765915197441",NA,"<a href=""https://buffer.com"" rel=""nofollow"">Buffer</a>","hitRECordJoe",109,FALSE,FALSE,NA,NA
"92","@Dystopika @hitRECord Amazing!!!! üëèüèª",FALSE,1,"Dystopika",2018-12-10 06:52:27,FALSE,"1071930739002884097","1072021204632985600","45944541","<a href=""http://twitter.com/download/iphone"" rel=""nofollow"">Twitter for iPhone</a>","hey_jupiter",0,FALSE,FALSE,NA,NA
"93","What's the first thing this scene makes you think of??? https://t.co/i0UDoCUgs9 https://t.co/xZt6s0pF58",FALSE,796,NA,2018-12-10 06:27:05,FALSE,NA,"1072014821023985665",NA,"<a href=""https://buffer.com"" rel=""nofollow"">Buffer</a>","hitRECordJoe",62,FALSE,FALSE,NA,NA
"94","new @hitRECord robo rmx dropping soon. gird yr loins.",FALSE,1,NA,2018-12-10 06:25:43,FALSE,NA,"1072014480446492672",NA,"<a href=""http://twitter.com/download/android"" rel=""nofollow"">Twitter for Android</a>","Sir_Beardo",0,FALSE,FALSE,NA,NA
"95","another hitrecord highlight. my first string quartet orchestration. it was truly an honor to be a part of this proj‚Ä¶ https://t.co/iSFVLuiWWg",FALSE,3,NA,2018-12-10 06:20:43,TRUE,NA,"1072013218749526016",NA,"<a href=""http://twitter.com/download/android"" rel=""nofollow"">Twitter for Android</a>","Sir_Beardo",0,FALSE,FALSE,NA,NA
"96","""Do not be afraid.""
https://t.co/ioUZnq8wXS",FALSE,3,NA,2018-12-10 03:36:22,FALSE,NA,"1071971859439083520",NA,"<a href=""http://twitter.com"" rel=""nofollow"">Twitter Web Client</a>","JerzyJung",0,FALSE,FALSE,NA,NA
"97","All fun and games until you remember tomorrow is Monday.. https://t.co/g996XxOQt1 https://t.co/MMJ754lo0H",FALSE,1357,NA,2018-12-10 03:28:02,FALSE,NA,"1071969763079938048",NA,"<a href=""https://buffer.com"" rel=""nofollow"">Buffer</a>","hitRECordJoe",215,FALSE,FALSE,NA,NA
"98","@hitRECord @Dystopika üëç‚ù§Ô∏è",FALSE,1,"hitRECord",2018-12-10 02:25:07,FALSE,"1071880919185641472","1071953928953094144","24815314","<a href=""http://twitter.com/download/android"" rel=""nofollow"">Twitter for Android</a>","takiun_aney",0,FALSE,FALSE,NA,NA
"99","@sarahdaly42 @brainpickings @hitRECord Very cool! ‚ù§Ô∏è",FALSE,1,"sarahdaly42",2018-12-10 01:55:55,FALSE,"1071941706063458304","1071946580285120512","40348848","<a href=""http://twitter.com/download/iphone"" rel=""nofollow"">Twitter for iPhone</a>","ViciousVixxenV",0,FALSE,FALSE,NA,NA
"100","I'd forgotten about this wonderful @brainpickings piece on my song Iterations, which the @hitRECord community trans‚Ä¶ https://t.co/bmwdSaHBOs",FALSE,26,NA,2018-12-10 01:36:33,TRUE,NA,"1071941706063458304",NA,"<a href=""http://twitter.com"" rel=""nofollow"">Twitter Web Client</a>","sarahdaly42",4,FALSE,FALSE,NA,NA
"101","@hitRECord I animated this but the illustration was by the extremely talented brigi_bre: https://t.co/4VWVim32MU",FALSE,5,"hitRECord",2018-12-10 00:52:58,FALSE,"1071880919185641472","1071930739002884097","24815314","<a href=""http://twitter.com"" rel=""nofollow"">Twitter Web Client</a>","Dystopika",0,FALSE,FALSE,NA,NA
"102","Less than 50 of these puppies left: https://t.co/yfDoNLeFmS

(Shoutout to @jason_angelone for the remix of me heh) https://t.co/wUyA6908Ze",FALSE,144,NA,2018-12-10 00:09:02,FALSE,NA,"1071919684939849728",NA,"<a href=""https://buffer.com"" rel=""nofollow"">Buffer</a>","hitRECordJoe",15,FALSE,FALSE,NA,NA
"103","Just turned 8 (in @hitRECord years)!!!  https://t.co/heFjHEhBzL Thank you for making these 8 years so memorable, hi‚Ä¶ https://t.co/NOTp8ybtQ0",FALSE,5,NA,2018-12-09 23:24:35,TRUE,NA,"1071908497653153792",NA,"<a href=""http://twitter.com"" rel=""nofollow"">Twitter Web Client</a>","RosellaWeigand",0,FALSE,FALSE,NA,NA
"104","@hitRECordJoe just joined @hitRECord! as a young aspiring artist this is a great opportunity to get my work out the‚Ä¶ https://t.co/vaOqqSvCVv",FALSE,0,"hitRECordJoe",2018-12-09 23:20:40,TRUE,NA,"1071907511547121664","24807616","<a href=""http://twitter.com/download/iphone"" rel=""nofollow"">Twitter for iPhone</a>","alexisnicoleart",0,FALSE,FALSE,NA,NA
"105","@hitRECord sent a newsletter and I found my face! I was wondering where I left it ü•Å https://t.co/3uxkmeEnTI",FALSE,0,"hitRECord",2018-12-09 22:41:24,FALSE,NA,"1071897627791319040","24815314","<a href=""http://twitter.com/download/iphone"" rel=""nofollow"">Twitter for iPhone</a>","feaien",0,FALSE,FALSE,NA,NA
"106","I remember this! Excellent work! https://t.co/WtcKEGI2EA",FALSE,1,NA,2018-12-09 22:32:47,FALSE,NA,"1071895462985261061",NA,"<a href=""http://twitter.com"" rel=""nofollow"">Twitter Web Client</a>","cjcurcio",0,FALSE,FALSE,NA,NA
"107","Quickly write down your latest dream here: https://t.co/VljrkZS0Np",FALSE,95,NA,2018-12-09 21:56:00,FALSE,NA,"1071886206164701184",NA,"<a href=""https://buffer.com"" rel=""nofollow"">Buffer</a>","hitRECordJoe",12,FALSE,FALSE,NA,NA
"108","""That's why her hair is so big, it's full of secrets"" https://t.co/No4fcqXjsj Love this illustration by @Dystopika https://t.co/1nO2cdgR4B",FALSE,79,NA,2018-12-09 21:35:00,FALSE,NA,"1071880919185641472",NA,"<a href=""https://about.twitter.com/products/tweetdeck"" rel=""nofollow"">TweetDeck</a>","hitRECord",17,FALSE,FALSE,NA,NA
"109","üíõ https://t.co/Bm22Cufvjh",FALSE,8,NA,2018-12-09 21:13:14,FALSE,NA,"1071875442246803456",NA,"<a href=""http://twitter.com/download/iphone"" rel=""nofollow"">Twitter for iPhone</a>","hitRECord",0,FALSE,FALSE,NA,NA
"110","How amazing is this ? @LostTuesdays with @biancayuzon brand new music ! #BBC #radiowales #bbcradio #musician‚Ä¶ https://t.co/S6e5sP6x43",FALSE,0,NA,2018-12-09 20:59:35,TRUE,NA,"1071872007107694594",NA,"<a href=""http://twitter.com/download/iphone"" rel=""nofollow"">Twitter for iPhone</a>","mikeywelshconex",0,FALSE,FALSE,NA,NA
"111","@ViciousVixxenV @hitRECord @hitRECordJoe I got three done if you wanna take a listen.  They're on the page (hope I‚Ä¶ https://t.co/Xp54qBBkEr",FALSE,2,"WerePan83",2018-12-09 20:36:51,TRUE,"1071489795409539072","1071866286194483200","905096417038958592","<a href=""https://mobile.twitter.com"" rel=""nofollow"">Twitter Lite</a>","WerePan83",0,FALSE,FALSE,NA,NA
"112","@hitRECord A big hug Joseph, Jesus is with you and your family, Love and Peace.",FALSE,0,"hitRECord",2018-12-09 20:06:42,FALSE,NA,"1071858699382255622","24815314","<a href=""http://twitter.com"" rel=""nofollow"">Twitter Web Client</a>","CorderoDePaz",0,FALSE,FALSE,NA,NA
"113","Get your copy of the Move on the Sun vinyl before they run out!  https://t.co/TgvedG1dRb",FALSE,4,NA,2018-12-09 20:03:01,FALSE,NA,"1071857772323581953",NA,"<a href=""https://buffer.com"" rel=""nofollow"">Buffer</a>","hitRECord",1,FALSE,FALSE,NA,NA
"114","Listen to this song 'More' on the Move on the Sun Vinyl. Only 11 copies of this beautiful vinyl left. https://t.co/rLvfMznILC",FALSE,9,NA,2018-12-09 20:02:00,FALSE,NA,"1071857515988729856",NA,"<a href=""https://buffer.com"" rel=""nofollow"">Buffer</a>","hitRECord",2,FALSE,FALSE,NA,NA
"115","Need a voice actor to play this character. Here's the quick script to perform: https://t.co/ZxkSCMPX7q https://t.co/eK8MQHeGYN",FALSE,154,NA,2018-12-09 19:54:03,FALSE,NA,"1071855516006125574",NA,"<a href=""https://buffer.com"" rel=""nofollow"">Buffer</a>","hitRECordJoe",25,FALSE,FALSE,NA,NA
"116","Why did this little guy open a kissing booth? Write a short story here: https://t.co/6FOvxuWxe9 https://t.co/Moy2QXQcNE",FALSE,12,NA,2018-12-09 19:01:04,FALSE,NA,"1071842180770213888",NA,"<a href=""https://buffer.com"" rel=""nofollow"">Buffer</a>","hitRECord",1,FALSE,FALSE,NA,NA
"117","I liked a @YouTube video https://t.co/nzft3X3QNF ""Adieu"" // HITRECORD ON TV episode 5 RE: THE OTHER SIDE",FALSE,0,NA,2018-12-09 18:43:22,FALSE,NA,"1071837725890961408",NA,"<a href=""https://www.google.com/"" rel=""nofollow"">Google</a>","iamhanwolf",0,FALSE,FALSE,NA,NA
"118","Name these two characters: https://t.co/O9xShASZg7",FALSE,68,NA,2018-12-09 18:03:01,FALSE,NA,"1071827572214894593",NA,"<a href=""https://buffer.com"" rel=""nofollow"">Buffer</a>","hitRECordJoe",7,FALSE,FALSE,NA,NA
"119","Ohhh

We do this 

Just for fun

Flex them tongues

@hitrecord is great

Jump innnnn https://t.co/ILd520BvgI",FALSE,2,NA,2018-12-09 17:59:11,FALSE,NA,"1071826607281709056",NA,"<a href=""http://tapbots.com/tweetbot"" rel=""nofollow"">Tweetbot for iŒüS</a>","AudioAuditions",0,FALSE,FALSE,NA,NA
"120","Heleauuu #VoiceActors!

So

Y‚Äôall should always be in training right? 

You done any of theeeese???

Hit record has‚Ä¶ https://t.co/QEOjtIC0XN",FALSE,3,NA,2018-12-09 17:54:54,TRUE,NA,"1071825531098800128",NA,"<a href=""http://tapbots.com/tweetbot"" rel=""nofollow"">Tweetbot for iŒüS</a>","QuirkyVoices",0,FALSE,FALSE,NA,NA
"121","@hitRECord üî¥Every item for $ale has been created by CONTRIBUTING #artists from All Over the World(also referred to‚Ä¶ https://t.co/zm1A2vylfy",FALSE,0,"hitRECord",2018-12-09 17:54:10,TRUE,"1071480036434370561","1071825343424724992","24815314","<a href=""http://twitter.com"" rel=""nofollow"">Twitter Web Client</a>","PJmiekidzandi",0,FALSE,FALSE,NA,NA
"122","Looking for all the vinyl collectors out there.. https://t.co/HXzlOBjsHz https://t.co/Qzcpu9eCBP",FALSE,305,NA,2018-12-09 16:11:05,FALSE,NA,"1071799402963046400",NA,"<a href=""https://buffer.com"" rel=""nofollow"">Buffer</a>","hitRECordJoe",27,FALSE,FALSE,NA,NA
"123","@aspen_eyes Wanna visit @hitRECord / @hitRECordJoe / https://t.co/rFKAgmCWCF art community on the site? Your work's‚Ä¶ https://t.co/QGTSsu9gyF",FALSE,5,"aspen_eyes",2018-12-09 15:04:05,TRUE,"1065703868229709829","1071782541181546497","4038398358","<a href=""http://twitter.com"" rel=""nofollow"">Twitter Web Client</a>","WiseWolfSeesAll",1,FALSE,FALSE,NA,NA
"124","Anyone else absolutely mesmerized by this? https://t.co/qt7IQ0QiN3 https://t.co/t1vej3aB1l",FALSE,488,NA,2018-12-09 14:32:03,FALSE,NA,"1071774479393714176",NA,"<a href=""https://buffer.com"" rel=""nofollow"">Buffer</a>","hitRECordJoe",54,FALSE,FALSE,NA,NA
"125","@hitRECordJoe This album was literally conceived thanks to @hitRECord community.
It was originally just an idea and‚Ä¶ https://t.co/9eO133JbOf",FALSE,2,"aknilofficial",2018-12-09 06:51:37,TRUE,"1071657222428606465","1071658609531076609","999362646607613955","<a href=""http://twitter.com/download/android"" rel=""nofollow"">Twitter for Android</a>","aknilofficial",0,FALSE,FALSE,NA,NA
"126","Invest in your tools  #music  #dancemusic
#OnMyTop #hitrecord #billboardhit
#Drake #jayz #MeekCHAMPIONSHIPS‚Ä¶ https://t.co/jLOBQXFVDY",FALSE,0,NA,2018-12-09 06:22:52,TRUE,NA,"1071651373920350210",NA,"<a href=""http://twitter.com/download/android"" rel=""nofollow"">Twitter for Android</a>","Gadgio",0,FALSE,FALSE,NA,NA
"127","""I &lt;3 you to pizzas"" https://t.co/nHZOey0vw7 üçï https://t.co/Bd2lEZ4MGB",FALSE,541,NA,2018-12-09 05:16:38,FALSE,NA,"1071634704816852992",NA,"<a href=""https://buffer.com"" rel=""nofollow"">Buffer</a>","hitRECordJoe",81,FALSE,FALSE,NA,NA
"128","@Chrissy_fd @EmmasLens @hitRECord yo, Chrissy ....  ;) &lt;3 https://t.co/3yPP6c38Ti",FALSE,3,"Chrissy_fd",2018-12-09 04:37:23,FALSE,"1070721115817881602","1071624828011069440","484895429","<a href=""http://twitter.com"" rel=""nofollow"">Twitter Web Client</a>","ViciousVixxenV",0,FALSE,FALSE,NA,NA
"129","5 years on @hitRECord woo hoo! Wanna help me celebrate with a WAKularity (my version of the Regularity)?‚Ä¶ https://t.co/hsSZ77PrKk",FALSE,10,NA,2018-12-09 03:57:46,TRUE,NA,"1071614857097572354",NA,"<a href=""http://twitter.com"" rel=""nofollow"">Twitter Web Client</a>","PrettyWak",1,FALSE,FALSE,NA,NA
"130","THE COME UP SONG @kervswerv ft myself ... I can't waitttt!!! #swerv #Hitrecord #hit #single #beats #music #goals‚Ä¶ https://t.co/TtmM6qOQRi",FALSE,0,NA,2018-12-09 03:15:22,TRUE,NA,"1071604186880577537",NA,"<a href=""http://instagram.com"" rel=""nofollow"">Instagram</a>","abdulkidkash",0,FALSE,FALSE,NA,NA
"131","@hitRECord üòÅ",FALSE,0,"hitRECord",2018-12-09 03:00:26,FALSE,"1071540458160078848","1071600431275491328","24815314","<a href=""http://twitter.com/download/android"" rel=""nofollow"">Twitter for Android</a>","takiun_aney",0,FALSE,FALSE,NA,NA
"132","@hitRECordJoe where do i go to look at things ive ""bookmarked for later"" on hitrecord?",FALSE,0,"hitRECordJoe",2018-12-09 02:53:46,FALSE,NA,"1071598750307680257","24807616","<a href=""http://twitter.com/download/iphone"" rel=""nofollow"">Twitter for iPhone</a>","W0NDEROUS",0,FALSE,FALSE,NA,NA
"133","Calling all VOICE ACTORS: https://t.co/uBPIGWy5MC",FALSE,134,NA,2018-12-09 02:52:01,FALSE,NA,"1071598310044123136",NA,"<a href=""https://buffer.com"" rel=""nofollow"">Buffer</a>","hitRECordJoe",24,FALSE,FALSE,NA,NA
"134","https://t.co/XCYsBuL2as",FALSE,0,NA,2018-12-09 01:06:07,FALSE,NA,"1071571659772100609",NA,"<a href=""http://twitter.com/download/android"" rel=""nofollow"">Twitter for Android</a>","BrendaRitchie01",0,FALSE,FALSE,NA,NA
"135","Post a photo that captures a specific emotion: https://t.co/HvApsvrUvB",FALSE,108,NA,2018-12-09 01:01:00,FALSE,NA,"1071570373269958661",NA,"<a href=""https://buffer.com"" rel=""nofollow"">Buffer</a>","hitRECordJoe",17,FALSE,FALSE,NA,NA
"136","@hitRECordJoe üî¥Every item for $ale has been created by CONTRIBUTING #artists from All Over the World(also referred‚Ä¶ https://t.co/dj9jlQcFsa",FALSE,1,"hitRECordJoe",2018-12-09 00:49:08,TRUE,"1071535660320940034","1071567386002812929","24807616","<a href=""http://twitter.com"" rel=""nofollow"">Twitter Web Client</a>","PJmiekidzandi",0,FALSE,FALSE,NA,NA
"137","Two more days until that #BGE2 Livestream.
Two more days until we get more news and updates from the #BGE dev team.‚Ä¶ https://t.co/UNy6ZcTDas",FALSE,5,NA,2018-12-09 00:07:49,TRUE,NA,"1071556987723411457",NA,"<a href=""http://twitter.com"" rel=""nofollow"">Twitter Web Client</a>","JayhanOfficial",1,FALSE,FALSE,NA,NA
"138","Script is done here for our Taxidermy family photo. Now we need voice actors to play these eccentric characters. Co‚Ä¶ https://t.co/xWEBRUgRdx",FALSE,18,NA,2018-12-08 23:02:08,TRUE,NA,"1071540458160078848",NA,"<a href=""https://buffer.com"" rel=""nofollow"">Buffer</a>","hitRECord",2,FALSE,FALSE,NA,NA
"139","*STORE SALE* Free shipping in the U.S. for all orders $50 and up. 

Good stuff to choose from (I swear) ‚Äî‚Ä¶ https://t.co/WqLHNsJulF",FALSE,82,NA,2018-12-08 22:43:04,TRUE,NA,"1071535660320940034",NA,"<a href=""https://buffer.com"" rel=""nofollow"">Buffer</a>","hitRECordJoe",8,FALSE,FALSE,NA,NA
"140","@hitRECord @WerePan83 @hitRECordJoe ü§îü§îü§î",FALSE,1,"hitRECord",2018-12-08 21:13:15,FALSE,"1071510692455342080","1071513059410227200","24815314","<a href=""http://twitter.com/download/iphone"" rel=""nofollow"">Twitter for iPhone</a>","ViciousVixxenV",0,FALSE,FALSE,NA,NA
"141","@ViciousVixxenV @WerePan83 @hitRECordJoe Or did we just remix your tweet ? üòâ",FALSE,2,"ViciousVixxenV",2018-12-08 21:03:51,FALSE,"1071469818472263680","1071510692455342080","238313253","<a href=""http://twitter.com/download/iphone"" rel=""nofollow"">Twitter for iPhone</a>","hitRECord",0,FALSE,FALSE,NA,NA
"142","@AodhBC Canonically, Lewis Carroll's  White Knight: https://t.co/KiLyCzgNKp",FALSE,0,"AodhBC",2018-12-08 20:54:12,FALSE,"1071507805025300483","1071508263487836161","437052773","<a href=""http://twitter.com"" rel=""nofollow"">Twitter Web Client</a>","vonbladet",0,FALSE,FALSE,NA,NA
"143","EVERYONE: Today is the LAST DAY to be Santa Claus for our House of Horrors (Christmas Radio Show) on @hitRECord! üéÖüî¥‚Ä¶ https://t.co/MAu7OqhyKp",FALSE,14,NA,2018-12-08 20:53:12,TRUE,NA,"1071508011896750080",NA,"<a href=""http://twitter.com"" rel=""nofollow"">Twitter Web Client</a>","RosellaWeigand",5,FALSE,FALSE,NA,NA
"144","Robot's Destiny: https://t.co/DmanPyNm1X
#hitrecord #shortstory @hitRECord",FALSE,0,NA,2018-12-08 20:35:22,FALSE,NA,"1071503526315069440",NA,"<a href=""http://twitter.com"" rel=""nofollow"">Twitter Web Client</a>","danielibf93",0,FALSE,FALSE,NA,NA
"145","@WerePan83 @ViciousVixxenV @hitRECord @hitRECordJoe That's great! Go for it, Joshua! üòäüéôÔ∏è‚ô•Ô∏è",FALSE,2,"WerePan83",2018-12-08 20:15:42,FALSE,"1071489795409539072","1071498574142283779","905096417038958592","<a href=""http://twitter.com"" rel=""nofollow"">Twitter Web Client</a>","RosellaWeigand",0,FALSE,FALSE,NA,NA
"146","@WerePan83 @hitRECord @hitRECordJoe Yes, absolutely. I think we still need to fill that role. Do as many takes as y‚Ä¶ https://t.co/GnIVKzDStH",FALSE,1,"WerePan83",2018-12-08 20:13:21,TRUE,"1071489795409539072","1071497984519610369","905096417038958592","<a href=""http://twitter.com/download/iphone"" rel=""nofollow"">Twitter for iPhone</a>","ViciousVixxenV",0,FALSE,FALSE,NA,NA
"147","I wrote a thing a while back called ""Writer's Block""

The story begins with ""I was out of ideas. I was pitiful.""

Y‚Ä¶ https://t.co/9UEs5CG3sm",FALSE,225,NA,2018-12-08 20:12:01,TRUE,NA,"1071497647167545344",NA,"<a href=""https://buffer.com"" rel=""nofollow"">Buffer</a>","hitRECordJoe",22,FALSE,FALSE,NA,NA
"148","@ViciousVixxenV @hitRECord @hitRECordJoe It would still be an honor to try out for this production as well.  I was‚Ä¶ https://t.co/KMRuEPE3Q3",FALSE,3,"ViciousVixxenV",2018-12-08 19:40:49,TRUE,"1071469818472263680","1071489795409539072","238313253","<a href=""https://mobile.twitter.com"" rel=""nofollow"">Twitter Lite</a>","WerePan83",0,FALSE,FALSE,NA,NA
"149","Free shipping in the US on all orders over $50 this weekend! Just in time to order your gifts before the holiday se‚Ä¶ https://t.co/PBhDGmN4SU",FALSE,17,NA,2018-12-08 19:02:02,TRUE,NA,"1071480036434370561",NA,"<a href=""https://buffer.com"" rel=""nofollow"">Buffer</a>","hitRECord",1,FALSE,FALSE,NA,NA
"150","@hitRECord @WerePan83 @hitRECordJoe Did you guys hijack my post üëÄ (jk)

There are a ton of other active VO challeng‚Ä¶ https://t.co/99PzFcyZYu",FALSE,3,"hitRECord",2018-12-08 18:21:26,TRUE,"1071438420881231872","1071469818472263680","24815314","<a href=""http://twitter.com/download/iphone"" rel=""nofollow"">Twitter for iPhone</a>","ViciousVixxenV",0,FALSE,FALSE,NA,NA
"151","@Cyarine @hitRECord / @hitRECordJoe  / https://t.co/rFKAgmCWCF
Go to the art community or make a vlog to express yo‚Ä¶ https://t.co/dEOcQrhHFn",FALSE,0,"Cyarine",2018-12-08 18:15:08,TRUE,"1071466016209809409","1071468235755831296","2273438743","<a href=""http://twitter.com"" rel=""nofollow"">Twitter Web Client</a>","WiseWolfSeesAll",0,FALSE,FALSE,NA,NA
"152","Anyone at all can start a project. Could be to start a book (so, answer is YES) or a short film or a song.. anythin‚Ä¶ https://t.co/eD1vWcwz18",FALSE,116,NA,2018-12-08 17:57:35,TRUE,NA,"1071463818956394496",NA,"<a href=""http://twitter.com"" rel=""nofollow"">Twitter Web Client</a>","hitRECordJoe",10,FALSE,FALSE,NA,NA
"153","Let's name this bicycling goblin drawn by @olmsteadkirk. 

Who has a suggestion?? 

https://t.co/CvKVslVu6K https://t.co/nF3a8bfTOf",FALSE,181,NA,2018-12-08 17:54:03,FALSE,NA,"1071462929508327426",NA,"<a href=""https://buffer.com"" rel=""nofollow"">Buffer</a>","hitRECordJoe",15,FALSE,FALSE,NA,NA
"154","#HitRECord
https://t.co/koE7SmU2vM https://t.co/TyJIAGYIuN",FALSE,0,NA,2018-12-08 17:50:17,FALSE,NA,"1071461978990878720",NA,"<a href=""http://www.facebook.com/twitter"" rel=""nofollow"">Facebook</a>","JianinaP",0,FALSE,FALSE,NA,NA
"155","Little Red Riding Hood like you‚Äôve never seen before. This book is the perfect gift for the badass women in your li‚Ä¶ https://t.co/2E2w5FYKZZ",FALSE,14,NA,2018-12-08 17:22:05,TRUE,NA,"1071454881309962240",NA,"<a href=""https://buffer.com"" rel=""nofollow"">Buffer</a>","hitRECord",1,FALSE,FALSE,NA,NA
"156","üåª https://t.co/jbHGPUTJUR",FALSE,1,NA,2018-12-08 17:16:18,FALSE,NA,"1071453429950791680",NA,"<a href=""http://twitter.com/download/android"" rel=""nofollow"">Twitter for Android</a>","Inefable_O",0,FALSE,FALSE,NA,NA
"157","@hitRECordJoe I just submitted to this last night. I love that @hitRECord gives me the opportunity to go outside of‚Ä¶ https://t.co/Sfp7F5iPwb",FALSE,10,"hitRECordJoe",2018-12-08 16:42:02,TRUE,"1071442781611134976","1071444804729397248","24807616","<a href=""http://twitter.com"" rel=""nofollow"">Twitter Web Client</a>","EldredBird",0,FALSE,FALSE,NA,NA
"158","VOICE ACTORS (of all ages) are needed!! Script here: https://t.co/uBPIGWy5MC",FALSE,168,NA,2018-12-08 16:34:00,FALSE,NA,"1071442781611134976",NA,"<a href=""https://buffer.com"" rel=""nofollow"">Buffer</a>","hitRECordJoe",32,FALSE,FALSE,NA,NA
"159","@Satan47777784 @ViciousVixxenV @hitRECordJoe Never too late to start üòâ",FALSE,2,"Satan47777784",2018-12-08 16:17:12,FALSE,"1071420765294219264","1071438553891008512","1035391892467396608","<a href=""http://twitter.com/download/iphone"" rel=""nofollow"">Twitter for iPhone</a>","hitRECord",0,FALSE,FALSE,NA,NA
"160","@WerePan83 @ViciousVixxenV @hitRECordJoe This is the perfect place for you! We welcome folks of all levels. The poi‚Ä¶ https://t.co/Kr3wU1sOIn",FALSE,2,"WerePan83",2018-12-08 16:16:40,TRUE,"1071422017403015168","1071438420881231872","905096417038958592","<a href=""http://twitter.com/download/iphone"" rel=""nofollow"">Twitter for iPhone</a>","hitRECord",0,FALSE,FALSE,NA,NA
"161","@ViciousVixxenV @hitRECordJoe @hitRECord I would love to try it out.  I'm new to the platform and joined cause I wa‚Ä¶ https://t.co/acXZIvCZQ4",FALSE,2,"ViciousVixxenV",2018-12-08 15:11:29,TRUE,"1070508788329926657","1071422017403015168","238313253","<a href=""https://mobile.twitter.com"" rel=""nofollow"">Twitter Lite</a>","WerePan83",0,FALSE,FALSE,NA,NA
"162","Lincoln Bio. 
‚Äî
‚Äî
#newmusic #hitrecord #losangeles #nashville #altfolk #acoustic #music #listenup #anchorandbell‚Ä¶ https://t.co/dwbUOeAiTp",FALSE,0,NA,2018-12-08 15:01:06,TRUE,NA,"1071419401826656256",NA,"<a href=""http://instagram.com"" rel=""nofollow"">Instagram</a>","NoahNeedleman",1,FALSE,FALSE,NA,NA
"163","Feminism in the form of a graphic novel fairytale. Get a copy here: https://t.co/CNbgy0vJAN #LittleRedRidingHood https://t.co/OgHaJbw3dg",FALSE,185,NA,2018-12-08 14:23:04,FALSE,NA,"1071409830320107523",NA,"<a href=""https://buffer.com"" rel=""nofollow"">Buffer</a>","hitRECordJoe",19,FALSE,FALSE,NA,NA
"164","@hitRECord @hitRECordJoe *^~^*",FALSE,0,"hitRECord",2018-12-08 12:08:23,FALSE,"1070819747296612352","1071375937533427716","24815314","<a href=""http://twitter.com/download/iphone"" rel=""nofollow"">Twitter for iPhone</a>","goodlgl",0,FALSE,FALSE,NA,NA
"165","Most pet owners think they can talk with their pets... https://t.co/upRpNPbfft üê±üê∂ https://t.co/U3T9NiJlIA",FALSE,770,NA,2018-12-08 12:02:02,FALSE,NA,"1071374338048303104",NA,"<a href=""https://buffer.com"" rel=""nofollow"">Buffer</a>","hitRECordJoe",135,FALSE,FALSE,NA,NA
"166","Another day another #improv @hitRECord working on my new record. Looking for  a hopeful melody #music #piano #solo https://t.co/dowJF4ktVZ",FALSE,2,NA,2018-12-08 11:12:11,FALSE,NA,"1071361796953518080",NA,"<a href=""http://twitter.com/download/android"" rel=""nofollow"">Twitter for Android</a>","aknilofficial",1,FALSE,FALSE,NA,NA
"167","Port Miami at sunset #vacation #lookslikelove https://t.co/YQCj0Y39pI",FALSE,0,NA,2018-12-08 11:10:22,FALSE,NA,"1071361338608418818",NA,"<a href=""http://twitter.com/download/android"" rel=""nofollow"">Twitter for Android</a>","HFields715",0,FALSE,FALSE,NA,NA
"168","#hotnewhiphop #rapmusic #unsignedartist #soundcloud #musician #spinrilla #audiomack #hiphopblog #unsignedrapper‚Ä¶ https://t.co/IbXpNV2jWR",FALSE,3,NA,2018-12-08 10:37:47,TRUE,NA,"1071353136047185921",NA,"<a href=""http://twitter.com/download/iphone"" rel=""nofollow"">Twitter for iPhone</a>","YUNGKLIPBEATZ",0,FALSE,FALSE,NA,NA
"169","@garcia590 @joelregolabs @garyvee @TierraWhack @hitRECord Yeah, legacy is the best",FALSE,0,"garcia590",2018-12-08 09:49:17,FALSE,"1071277898319847424","1071340931922554880","48606995","<a href=""http://twitter.com/download/android"" rel=""nofollow"">Twitter for Android</a>","team9018",0,FALSE,FALSE,NA,NA
"170","@hitRECordJoe @hitRECord Wish i can do much better than that man üòÅ",FALSE,0,"hitRECordJoe",2018-12-08 09:28:49,FALSE,"1071245237253795840","1071335780356931584","24807616","<a href=""http://twitter.com/download/iphone"" rel=""nofollow"">Twitter for iPhone</a>","Seyfeddin_Erise",0,FALSE,FALSE,NA,NA
"171","#ArtOfBreakingUp  https://t.co/DFjHUdty8b https://t.co/ocQH1Day0z",FALSE,136,NA,2018-12-08 07:47:02,FALSE,NA,"1071310165926993920",NA,"<a href=""https://buffer.com"" rel=""nofollow"">Buffer</a>","hitRECordJoe",11,FALSE,FALSE,NA,NA
"172","üò≠‚ù§ https://t.co/P44H9ZLKTG",FALSE,0,NA,2018-12-08 07:22:21,FALSE,NA,"1071303956842729472",NA,"<a href=""http://twitter.com/download/android"" rel=""nofollow"">Twitter for Android</a>","amaralaureng",0,FALSE,FALSE,NA,NA
"173","@garcia590 @garyvee @TierraWhack @hitRECord But to host all those videos so that everyone with an internet connecti‚Ä¶ https://t.co/423BrX15Uz",FALSE,2,"joelregolabs",2018-12-08 06:18:50,TRUE,"1071287207875371008","1071287970915708933","2404085461","<a href=""http://twitter.com/download/android"" rel=""nofollow"">Twitter for Android</a>","joelregolabs",0,FALSE,FALSE,NA,NA
"174","@garcia590 @garyvee @TierraWhack @hitRECord A very valid question. I keep asking myself this. I will be honest. I a‚Ä¶ https://t.co/ctvcCQfit8",FALSE,4,"garcia590",2018-12-08 06:15:48,TRUE,"1071280216947867648","1071287207875371008","48606995","<a href=""http://twitter.com/download/android"" rel=""nofollow"">Twitter for Android</a>","joelregolabs",0,FALSE,FALSE,NA,NA
"175","@joelregolabs @garyvee @TierraWhack @hitRECord My question to you Mr. @joelregolabs is, I see you have descrbe your‚Ä¶ https://t.co/GhhBaUVoYB",FALSE,3,"garcia590",2018-12-08 05:48:01,TRUE,"1071277898319847424","1071280216947867648","48606995","<a href=""http://twitter.com"" rel=""nofollow"">Twitter Web Client</a>","garcia590",0,FALSE,FALSE,NA,NA
"176","@joelregolabs @garyvee @TierraWhack social media for active attention, the ask platform for research, documentation‚Ä¶ https://t.co/kphAMb1wFL",FALSE,4,"garcia590",2018-12-08 05:38:48,TRUE,"1071277173607038982","1071277898319847424","48606995","<a href=""http://twitter.com"" rel=""nofollow"">Twitter Web Client</a>","garcia590",0,FALSE,FALSE,NA,NA
"177","@aknilofficial @hitRECordJoe @hitRECord I‚Äôm so glad I crossed this on my TL",FALSE,3,"aknilofficial",2018-12-08 05:34:18,FALSE,"1070385869327085568","1071276763370545153","999362646607613955","<a href=""http://twitter.com/download/iphone"" rel=""nofollow"">Twitter for iPhone</a>","LanaDelRaechel",0,FALSE,FALSE,NA,NA
"178","@aknilofficial @hitRECordJoe @hitRECord This was so beautiful!",FALSE,2,"aknilofficial",2018-12-08 05:24:42,FALSE,"1070385869327085568","1071274347162206209","999362646607613955","<a href=""http://twitter.com/download/android"" rel=""nofollow"">Twitter for Android</a>","House_Shelby",0,FALSE,FALSE,NA,NA
"179","@hitRECordJoe can i write a book on hitrecord",FALSE,4,"hitRECordJoe",2018-12-08 05:20:31,FALSE,"1071272914081771520","1071273293875961858","24807616","<a href=""http://twitter.com/download/iphone"" rel=""nofollow"">Twitter for iPhone</a>","josephsIevitt",0,FALSE,FALSE,NA,NA
"180","attn: ALL WRITERS!! https://t.co/jdyiQC1v7C",FALSE,111,NA,2018-12-08 05:19:00,FALSE,NA,"1071272914081771520",NA,"<a href=""https://buffer.com"" rel=""nofollow"">Buffer</a>","hitRECordJoe",16,FALSE,FALSE,NA,NA
"181","@hitRECord still the biggest highlight of my work with u guys :) &amp; damn straight I'm gonna blast that shit tonight üëç",FALSE,1,"hitRECord",2018-12-08 04:36:01,FALSE,"1071214172942155777","1071262097370177537","24815314","<a href=""http://twitter.com/download/android"" rel=""nofollow"">Twitter for Android</a>","Sir_Beardo",0,FALSE,FALSE,NA,NA
"182","@hitRECordJoe @hitRECord Beautiful!!!",FALSE,0,"hitRECordJoe",2018-12-08 03:29:50,FALSE,"1071245237253795840","1071245440887218176","24807616","<a href=""http://twitter.com/download/iphone"" rel=""nofollow"">Twitter for iPhone</a>","Shelleternal",0,FALSE,FALSE,NA,NA
"183","Beautiful remix. Three different images on @hitRECord were combined to make it. Love seeing this kind of thing happ‚Ä¶ https://t.co/fhKcV7neeN",FALSE,171,NA,2018-12-08 03:29:01,TRUE,NA,"1071245237253795840",NA,"<a href=""https://buffer.com"" rel=""nofollow"">Buffer</a>","hitRECordJoe",25,FALSE,FALSE,NA,NA
"184","Great...FYI although made of ""vinyl"" they are not ""vinyls"" : known as LPs and ""Record Albums"" for decades before mi‚Ä¶ https://t.co/p4AaqIn7hr",FALSE,1,NA,2018-12-08 02:48:21,TRUE,NA,"1071235000714977280",NA,"<a href=""http://twitter.com"" rel=""nofollow"">Twitter Web Client</a>","lilmikesf",0,FALSE,FALSE,NA,NA
"185","@NetflixAndAnts https://t.co/Q9KK3ImuY2",FALSE,0,"NetflixAndAnts",2018-12-08 02:44:39,FALSE,"1071231382637215744","1071234069617348614","2353901605","<a href=""http://twitter.com/download/android"" rel=""nofollow"">Twitter for Android</a>","databendr",0,FALSE,FALSE,NA,NA
"186","Merry Inkmas Day 7: Cheer #cheer #merryinkmas #illustration #cartoon #holiday #winter #Inkmas #inkdrawing‚Ä¶ https://t.co/hV3nLcJq1p",FALSE,0,NA,2018-12-08 02:32:42,TRUE,NA,"1071231064054620161",NA,"<a href=""http://instagram.com"" rel=""nofollow"">Instagram</a>","BreeKrafty1",0,FALSE,FALSE,NA,NA
"187","Sneak peak like comment if u fw it üòéüôèüèæ #hotnewhiphop  #hiphopmusic  #hiphopculture #newmusic #rap #hitrecord‚Ä¶ https://t.co/WTXpgJ5znu",FALSE,0,NA,2018-12-08 02:06:54,TRUE,NA,"1071224568382152704",NA,"<a href=""http://instagram.com"" rel=""nofollow"">Instagram</a>","kenley63",0,FALSE,FALSE,NA,NA
"188","The BGE2 team is hosting a livestream on Monday December 10, 2018 at 9am PT and 12pm ET. Especially cool is there'l‚Ä¶ https://t.co/mOT3tplb5d",FALSE,17,NA,2018-12-08 02:06:28,TRUE,NA,"1071224460206727168",NA,"<a href=""http://twitter.com"" rel=""nofollow"">Twitter Web Client</a>","hitRECord",2,FALSE,FALSE,NA,NA
"189","wrote a little christmas song for you @hitRECord folk. Hope you enjoy (and remix!) https://t.co/xDxL04ZlR6",FALSE,1,NA,2018-12-08 02:03:29,FALSE,NA,"1071223708994412544",NA,"<a href=""http://twitter.com"" rel=""nofollow"">Twitter Web Client</a>","KeebleAndrew",0,FALSE,FALSE,NA,NA
"190","@Sir_Beardo 6 years ago and still a timeless pieceüëå",FALSE,4,"Sir_Beardo",2018-12-08 01:25:35,FALSE,"1071196135879045121","1071214172942155777","100948221","<a href=""http://twitter.com"" rel=""nofollow"">Twitter Web Client</a>","hitRECord",0,FALSE,FALSE,NA,NA
"191","Searching for VOICE ACTORS to play this character below. Info here: https://t.co/ZxkSCMPX7q https://t.co/oRM3dZBzWE",FALSE,166,NA,2018-12-08 01:22:02,FALSE,NA,"1071213279912042496",NA,"<a href=""https://buffer.com"" rel=""nofollow"">Buffer</a>","hitRECordJoe",31,FALSE,FALSE,NA,NA
"192","Yes yes yallingTON its dat #wutangclan flava #triumph dis jawn is so fly #cartoon #superheros #justiceleague #color‚Ä¶ https://t.co/Obw1g2HBOU",FALSE,0,NA,2018-12-08 01:18:19,TRUE,NA,"1071212343152046085",NA,"<a href=""http://instagram.com"" rel=""nofollow"">Instagram</a>","djwizzz",0,FALSE,FALSE,NA,NA
"193","I'm in these grooves playing grooves so get yr groove on also holy crap this was 6 years ago ‚ù§Ô∏è https://t.co/X7i4pw9P9j",FALSE,6,NA,2018-12-08 00:13:55,FALSE,NA,"1071196135879045121",NA,"<a href=""http://twitter.com/download/android"" rel=""nofollow"">Twitter for Android</a>","Sir_Beardo",0,FALSE,FALSE,NA,NA
"194","@amandapalmer Perhaps someone from @hitRECord?",FALSE,0,"amandapalmer",2018-12-07 23:34:56,FALSE,"1071185198774173696","1071186326815432706","10798802","<a href=""http://twitter.com"" rel=""nofollow"">Twitter Web Client</a>","drekfletch",0,FALSE,FALSE,NA,NA
"195","@cjcurcio If you love the artwork, you'll love the story behind how this vinyl was made. Get to know some of the ar‚Ä¶ https://t.co/c2PdjkA7Bf",FALSE,1,"cjcurcio",2018-12-07 23:29:51,TRUE,"1071184029502898176","1071185045602201600","16407354","<a href=""http://twitter.com"" rel=""nofollow"">Twitter Web Client</a>","hitRECord",0,FALSE,FALSE,NA,NA
"196","@hitRECord SO COOL! Beautiful work!!",FALSE,0,"hitRECord",2018-12-07 23:25:48,FALSE,"1071167988731142149","1071184029502898176","24815314","<a href=""http://twitter.com"" rel=""nofollow"">Twitter Web Client</a>","cjcurcio",0,FALSE,FALSE,NA,NA
"197","Voice over roles available to play a tortoise, a wolf, a beaver, a bobcat and a bunch of other creatures. Wide rang‚Ä¶ https://t.co/tiJC37rUVb",FALSE,188,NA,2018-12-07 22:46:01,TRUE,NA,"1071174014582906880",NA,"<a href=""https://buffer.com"" rel=""nofollow"">Buffer</a>","hitRECordJoe",34,FALSE,FALSE,NA,NA
"198","Only 11 of these vinyls left on our store! This is an amazing collection of music featuring 78 contributing artists‚Ä¶ https://t.co/ODyb8y3Zcw",FALSE,23,NA,2018-12-07 22:22:04,TRUE,NA,"1071167988731142149",NA,"<a href=""https://buffer.com"" rel=""nofollow"">Buffer</a>","hitRECord",1,FALSE,FALSE,NA,NA
"199","Great hardcover book to put in a stocking (or add to your own shelf) ‚Äî copies available here:‚Ä¶ https://t.co/w92Zskxnnc",FALSE,100,NA,2018-12-07 21:14:04,TRUE,NA,"1071150874817425408",NA,"<a href=""https://buffer.com"" rel=""nofollow"">Buffer</a>","hitRECordJoe",5,FALSE,FALSE,NA,NA
"200","@hitRECord Thank you",FALSE,0,"hitRECord",2018-12-07 21:00:50,FALSE,"1071127875544244224","1071147546867892226","24815314","<a href=""http://twitter.com/download/iphone"" rel=""nofollow"">Twitter for iPhone</a>","Seyfeddin_Erise",0,FALSE,FALSE,NA,NA
"201","@dee_ddclark11 @Logic301 @hitRECord thanks!",FALSE,1,"dee_ddclark11",2018-12-07 20:39:39,FALSE,"1071028661741121536","1071142213852119040","813552447629230081","<a href=""http://twitter.com"" rel=""nofollow"">Twitter Web Client</a>","mementohiphop",0,FALSE,FALSE,NA,NA
"202","Really good stuff here!!! Get involved! https://t.co/gwzZqbfdER",FALSE,2,NA,2018-12-07 20:02:09,FALSE,NA,"1071132776932483072",NA,"<a href=""http://twitter.com"" rel=""nofollow"">Twitter Web Client</a>","cjcurcio",0,FALSE,FALSE,NA,NA
"203","@MattWConley @hitRECord He‚Äôs real! Hahaha thank you :)",FALSE,1,"MattWConley",2018-12-07 19:48:44,FALSE,"1071128010080677888","1071129402035957760","147298041","<a href=""http://twitter.com/download/iphone"" rel=""nofollow"">Twitter for iPhone</a>","feaien",0,FALSE,FALSE,NA,NA
"204","You are awesome! So great to have you in the @hitRECord community!!! https://t.co/BWdxTfRMIQ",FALSE,8,NA,2018-12-07 19:43:12,FALSE,NA,"1071128010080677888",NA,"<a href=""http://twitter.com"" rel=""nofollow"">Twitter Web Client</a>","MattWConley",0,FALSE,FALSE,NA,NA
"205","@hitRECord Don't make decisions for me that I can make myself.",FALSE,0,"hitRECord",2018-12-07 19:43:10,FALSE,"1071127875544244224","1071128000241065987","24815314","<a href=""http://twitter.com"" rel=""nofollow"">Twitter Web Client</a>","Dekken_",0,FALSE,FALSE,NA,NA
"206","Freedom can mean different things to different people. What does it mean to you? Tell us here:‚Ä¶ https://t.co/IJl1bjHGOh",FALSE,9,NA,2018-12-07 19:42:40,TRUE,NA,"1071127875544244224",NA,"<a href=""http://twitter.com"" rel=""nofollow"">Twitter Web Client</a>","hitRECord",1,FALSE,FALSE,NA,NA
"207","Movies that don't even exist: https://t.co/Zzx03qdRP5",FALSE,72,NA,2018-12-07 19:31:38,FALSE,NA,"1071125098738925568",NA,"<a href=""https://buffer.com"" rel=""nofollow"">Buffer</a>","hitRECordJoe",5,FALSE,FALSE,NA,NA
"208","Here's the first of our weekly update on #hitrecord DOCS series! Lots of projects for you to get involved in, looki‚Ä¶ https://t.co/qahEJx5qfe",FALSE,15,NA,2018-12-07 19:27:03,TRUE,NA,"1071123942285312000",NA,"<a href=""http://twitter.com"" rel=""nofollow"">Twitter Web Client</a>","hitRECord",2,FALSE,FALSE,NA,NA
"209","Our @hitRECord's profile:
https://t.co/y6PTV7mygn https://t.co/5IuAwosWLj",FALSE,0,NA,2018-12-07 18:57:48,FALSE,NA,"1071116583328735232",NA,"<a href=""http://twitter.com"" rel=""nofollow"">Twitter Web Client</a>","_L_G_H_Studio_",0,FALSE,FALSE,NA,NA
"210","@__taehyungs Great song produced by hitrecord but i can't find it anymore rip",FALSE,0,"__taehyungs",2018-12-07 18:09:27,FALSE,"1071104259503079425","1071104416286208000","3187660733","<a href=""http://twitter.com/download/android"" rel=""nofollow"">Twitter for Android</a>","__jaemins",0,FALSE,FALSE,NA,NA
"211","Book collectors ‚Äî check this out: https://t.co/GEK4nC5C8M https://t.co/QvGUuciS5N",FALSE,244,NA,2018-12-07 17:58:02,FALSE,NA,"1071101540721664006",NA,"<a href=""https://buffer.com"" rel=""nofollow"">Buffer</a>","hitRECordJoe",27,FALSE,FALSE,NA,NA
"212","Feelin' the Christmas spirit like .....

(Elf 1 by egan316 on @hitRECord at https://t.co/flQWThHMKl) https://t.co/pmlQeS2X6x",FALSE,5,NA,2018-12-07 17:53:03,FALSE,NA,"1071100288638029825",NA,"<a href=""http://twitter.com"" rel=""nofollow"">Twitter Web Client</a>","ViciousVixxenV",0,FALSE,FALSE,NA,NA
"213","BEAT FOR LEASE OR SALE #recordingstudio #NewWave #NewSound #Rap #Buyabeat #instrumental #Typebeat  #Va #Music‚Ä¶ https://t.co/e9JpkzrVVK",FALSE,0,NA,2018-12-07 17:16:24,TRUE,NA,"1071091064021254144",NA,"<a href=""http://www.facebook.com/twitter"" rel=""nofollow"">Facebook</a>","ZAPP757",1,FALSE,FALSE,NA,NA
"214","BEAT FOR LEASE OR SALE #recordingstudio #NewWave #NewSound #Rap #Buyabeat #instrumental #Typebeat  #Va #Music‚Ä¶ https://t.co/NltniqcQh7",FALSE,1,NA,2018-12-07 17:15:39,TRUE,NA,"1071090877915901953",NA,"<a href=""http://instagram.com"" rel=""nofollow"">Instagram</a>","ZAPP757",1,FALSE,FALSE,NA,NA
"215","Lunar Excursion?  Don't Forget the Bathing Beauties! on @hitRECord https://t.co/pZsnBSIRQD",FALSE,1,NA,2018-12-07 16:24:51,FALSE,NA,"1071078091282247680",NA,"<a href=""http://twitter.com"" rel=""nofollow"">Twitter Web Client</a>","JamesPhKotsybar",0,FALSE,FALSE,NA,NA
"216","HISTORICAL TWIST on @hitRECord https://t.co/uX1sgBTWdj",FALSE,0,NA,2018-12-07 16:20:48,FALSE,NA,"1071077072150265856",NA,"<a href=""http://twitter.com"" rel=""nofollow"">Twitter Web Client</a>","JamesPhKotsybar",0,FALSE,FALSE,NA,NA
"217","@hitRECordJoe Gotcha: https://t.co/JZjNwPoXMP",FALSE,0,"hitRECordJoe",2018-12-07 16:01:31,FALSE,"1071064056252022784","1071072221748183040","24807616","<a href=""http://twitter.com"" rel=""nofollow"">Twitter Web Client</a>","cobaltbluetony",0,FALSE,FALSE,NA,NA
"218","Show me a photo you've taken in a city. Could be anywhere in the entire world. 

Add here: https://t.co/1GwxzBggkW https://t.co/XtJG3lCIvz",FALSE,371,NA,2018-12-07 15:29:05,FALSE,NA,"1071064056252022784",NA,"<a href=""https://buffer.com"" rel=""nofollow"">Buffer</a>","hitRECordJoe",29,FALSE,FALSE,NA,NA
"219","#NewMusicFriday #hitrecord #party #anthem prod by #RacciOnDaBeatTrick MACKronyms-RELEVANCE https://t.co/LkHkhIIdyN",FALSE,1,NA,2018-12-07 14:24:58,FALSE,NA,"1071047924308631552",NA,"<a href=""http://twitter.com/download/android"" rel=""nofollow"">Twitter for Android</a>","4PACKENT",1,FALSE,FALSE,NA,NA
"220","Live look at cell phone use in society... https://t.co/OrH80NplIf #notjudging https://t.co/1XroJaju75",FALSE,210,NA,2018-12-07 13:41:01,FALSE,NA,"1071036861722828800",NA,"<a href=""https://buffer.com"" rel=""nofollow"">Buffer</a>","hitRECordJoe",39,FALSE,FALSE,NA,NA
"221","@mementohiphop @Logic301 @hitRECord Niceüéπüé§üéß",FALSE,0,"mementohiphop",2018-12-07 13:08:26,FALSE,"1070870342711762944","1071028661741121536","4653117732","<a href=""http://twitter.com/download/android"" rel=""nofollow"">Twitter for Android</a>","dee_ddclark11",0,FALSE,FALSE,NA,NA
"222","S/O spotify.

#producer #producers #producerlife #musicproducer #trapmusic #talent #imakebeats #bonafukubeatz‚Ä¶ https://t.co/Jt8wEqoDE7",FALSE,1,NA,2018-12-07 11:25:44,TRUE,NA,"1071002815802343424",NA,"<a href=""http://instagram.com"" rel=""nofollow"">Instagram</a>","BonaFukuBeatz",1,FALSE,FALSE,"-118.243","34.0522"
"223","@TheDailyCrunch2 @hitRECord @newsgramDOTcom I wanted to share this but the link seems to be broken",FALSE,0,"TheDailyCrunch2",2018-12-07 10:45:09,FALSE,"1070825396986396673","1070992605364871168","2755479204","<a href=""http://twitter.com"" rel=""nofollow"">Twitter Web Client</a>","hdduncan",0,FALSE,FALSE,NA,NA
"224","@KevinJames this song is AMAZING! i really love it! #hitrecord",FALSE,0,"KevinJames",2018-12-07 09:24:27,FALSE,"967108486923505665","1070972296414814208","393053595","<a href=""http://twitter.com"" rel=""nofollow"">Twitter Web Client</a>","Habichdaslautg1",0,FALSE,FALSE,NA,NA
"225","(c) @hitRECord https://t.co/5OTFxk8rFw",FALSE,2,NA,2018-12-07 06:55:43,FALSE,NA,"1070934864566870017",NA,"<a href=""http://twitter.com/download/android"" rel=""nofollow"">Twitter for Android</a>","francesbacosa",1,FALSE,FALSE,NA,NA
"226","Makes me wanna take a hike around sundown.. https://t.co/lXqUgAnul1 https://t.co/Hxu8om8HSm",FALSE,372,NA,2018-12-07 05:52:01,FALSE,NA,"1070918832846446592",NA,"<a href=""https://buffer.com"" rel=""nofollow"">Buffer</a>","hitRECordJoe",25,FALSE,FALSE,NA,NA
"227","@hitRECordJoe @hitRECord Cool ink creation! This is like an optical illusion picture. üëÄ
 
If you stare at it long e‚Ä¶ https://t.co/5ygF8KFShp",FALSE,0,"hitRECordJoe",2018-12-07 05:41:25,TRUE,"1070181729204400128","1070916165071974406","24807616","<a href=""http://twitter.com"" rel=""nofollow"">Twitter Web Client</a>","joixcroix",0,FALSE,FALSE,NA,NA
"228","This is unreal, the Community Director for @hitRECord just provided positive feedback on my voice recording... eeee‚Ä¶ https://t.co/RoRD19voR8",FALSE,9,NA,2018-12-07 04:35:44,TRUE,NA,"1070899635160379393",NA,"<a href=""http://twitter.com/download/iphone"" rel=""nofollow"">Twitter for iPhone</a>","feaien",0,FALSE,FALSE,NA,NA
"229","And one day I shall conquer Adobe After Effects LOL. UPDATE for Shellie!!! :-) ""Pinstriped Shellie""//Project Overvi‚Ä¶ https://t.co/RYLrOf22Qu",FALSE,4,NA,2018-12-07 03:45:44,TRUE,NA,"1070887052235952128",NA,"<a href=""http://twitter.com"" rel=""nofollow"">Twitter Web Client</a>","SabineBuchanan",1,FALSE,FALSE,NA,NA
"230","@hitRECordJoe @hitRECord this is such good quality and so soft  and thank you",FALSE,1,"hitRECordJoe",2018-12-07 03:13:15,FALSE,"1070726145220390912","1070878878451679234","24807616","<a href=""http://twitter.com/download/android"" rel=""nofollow"">Twitter for Android</a>","ElsieBarragan",0,FALSE,FALSE,NA,NA
"231","This video has been requested constantly for a long time now... a tour of my studio. This is where all the magic ha‚Ä¶ https://t.co/SrMJ2swXuB",FALSE,3,NA,2018-12-07 02:39:20,TRUE,NA,"1070870342711762944",NA,"<a href=""http://twitter.com"" rel=""nofollow"">Twitter Web Client</a>","mementohiphop",0,FALSE,FALSE,NA,NA
"232","Unapologetically in love with psychedelic animation like this. https://t.co/9SHrbAlLUC https://t.co/7d6uvqLBy9",FALSE,650,NA,2018-12-07 02:23:04,FALSE,NA,"1070866251377971201",NA,"<a href=""https://buffer.com"" rel=""nofollow"">Buffer</a>","hitRECordJoe",107,FALSE,FALSE,NA,NA
"233","@hitRECord I can already tell that you guys are awesome. I‚Äôm in!",FALSE,1,"hitRECord",2018-12-07 01:52:44,FALSE,"1070847223171174402","1070858616498991104","24815314","<a href=""http://twitter.com/download/iphone"" rel=""nofollow"">Twitter for iPhone</a>","kduffy1718",0,FALSE,FALSE,NA,NA
"234","@kduffy1718 You're right, it's ""ree-cord"" as in ""press the record button."" Don't worry, it's not a dealbreaker. Com‚Ä¶ https://t.co/IC83BOa6mw",FALSE,2,"kduffy1718",2018-12-07 01:07:28,TRUE,"1070835704899485696","1070847223171174402","18991667","<a href=""http://twitter.com"" rel=""nofollow"">Twitter Web Client</a>","hitRECord",1,FALSE,FALSE,NA,NA
"235","As promised, here's our weekly check-in on how HITRECORD SHORTS are coming along. Lots of projects currently lookin‚Ä¶ https://t.co/omYPAmPyem",FALSE,14,NA,2018-12-07 01:04:36,TRUE,NA,"1070846505081200640",NA,"<a href=""http://twitter.com"" rel=""nofollow"">Twitter Web Client</a>","hitRECord",3,FALSE,FALSE,NA,NA
"236","What do you think on freedom ? 

‚Å¶@hitRECord‚Å©  https://t.co/mCPK6uwaIG",FALSE,1,NA,2018-12-07 00:33:58,FALSE,NA,"1070838795547881472",NA,"<a href=""http://twitter.com/download/iphone"" rel=""nofollow"">Twitter for iPhone</a>","Seyfeddin_Erise",0,FALSE,FALSE,NA,NA
"237","@Calliethulhu Sorry to hear that. But there a community for writers on @hitRECord /@hitRECordJoe  https://t.co/rFKAgmCWCF.",FALSE,0,"Calliethulhu",2018-12-07 00:26:49,FALSE,"1070833094662520832","1070836994522132482","3119033985","<a href=""http://twitter.com/download/android"" rel=""nofollow"">Twitter for Android</a>","WiseWolfSeesAll",0,FALSE,FALSE,NA,NA
"238","@mseric You should totally checkout https://t.co/RapsBeeIag !

There's tonnes of creative challenges, many involvin‚Ä¶ https://t.co/bPC3Wsvnnw",FALSE,1,"mseric",2018-12-07 00:24:02,TRUE,"1070756270011899904","1070836294316580865","46086849","<a href=""http://twitter.com"" rel=""nofollow"">Twitter Web Client</a>","startledoldmen",0,FALSE,FALSE,NA,NA
"239","A bit embarrassed to realize that I‚Äôd been referring to @hitRECord as ‚ÄúHit Reh-cord‚Äù rather than ‚Äú Hit ree-Cord,‚Äù w‚Ä¶ https://t.co/11T96q8usK",FALSE,0,NA,2018-12-07 00:21:41,TRUE,NA,"1070835704899485696",NA,"<a href=""http://twitter.com/download/iphone"" rel=""nofollow"">Twitter for iPhone</a>","kduffy1718",0,FALSE,FALSE,NA,NA
"240","Voice actors ‚Äî take a look at this opportunity: https://t.co/nXSySoCdnO",FALSE,97,NA,2018-12-07 00:18:00,FALSE,NA,"1070834776779747330",NA,"<a href=""https://buffer.com"" rel=""nofollow"">Buffer</a>","hitRECordJoe",14,FALSE,FALSE,NA,NA
"241","The latest The Daily Crunch! https://t.co/pWYd138Thl Thanks to @hitRECord @newsgramDOTcom @hdduncan #science #research",FALSE,1,NA,2018-12-06 23:40:44,FALSE,NA,"1070825396986396673",NA,"<a href=""https://paper.li"" rel=""nofollow"">Paper.li</a>","TheDailyCrunch2",0,FALSE,FALSE,NA,NA
"242","@thwipped @Mort3mer @hitRECord /@hitRECordJoe",FALSE,0,"thwipped",2018-12-06 23:18:36,FALSE,"1070194708834643968","1070819829903474688","411023280","<a href=""http://twitter.com/download/android"" rel=""nofollow"">Twitter for Android</a>","WiseWolfSeesAll",0,FALSE,FALSE,NA,NA
"243","Rainy day vibes.... #LARain https://t.co/t8YcIXxqfS https://t.co/F4KGHpzvuP",FALSE,193,NA,2018-12-06 23:18:17,FALSE,NA,"1070819747296612352",NA,"<a href=""https://buffer.com"" rel=""nofollow"">Buffer</a>","hitRECord",45,FALSE,FALSE,NA,NA
"244","@Logic301 Hello....Hope the #Collab of the song between you &amp; @hitRECord community @hitRECordJoe is almost complete‚Ä¶ https://t.co/ERdQxKKj74",FALSE,0,"Logic301",2018-12-06 22:57:49,TRUE,"1070813176252424192","1070814598658449408","141944292","<a href=""http://twitter.com"" rel=""nofollow"">Twitter Web Client</a>","PJmiekidzandi",0,FALSE,FALSE,NA,NA
"245","@hitrecord @hitrecordjoe I shared some b-roll footage of 4141 as it passed by us today. Words cannot describe the e‚Ä¶ https://t.co/Tks7ybsQuB",FALSE,0,"hitRECord",2018-12-06 22:56:11,TRUE,NA,"1070814186538700800","24815314","<a href=""http://twitter.com"" rel=""nofollow"">Twitter Web Client</a>","anahnicolle",0,FALSE,FALSE,NA,NA
"246","This book is awesome. Y'all should order it. https://t.co/Scn1gEiOvB",FALSE,2,NA,2018-12-06 22:31:48,FALSE,NA,"1070808049441357824",NA,"<a href=""http://twitter.com/download/android"" rel=""nofollow"">Twitter for Android</a>","salhutsontweets",0,FALSE,FALSE,NA,NA
"247","If anyone feels like drawing, check this project out: https://t.co/71QyyquWVy

(no previous experience needed for this, btw)",FALSE,86,NA,2018-12-06 22:04:01,FALSE,NA,"1070801057348022272",NA,"<a href=""https://buffer.com"" rel=""nofollow"">Buffer</a>","hitRECordJoe",18,FALSE,FALSE,NA,NA
"248","So, yeah, I wrote a creepy thing, based on a creepy illustration by @JenLChittenden , turned into a creepy voiceove‚Ä¶ https://t.co/f6N8hCyQlI",FALSE,9,NA,2018-12-06 21:11:31,TRUE,NA,"1070787847869919232",NA,"<a href=""http://twitter.com"" rel=""nofollow"">Twitter Web Client</a>","Raphaelle_H",2,FALSE,FALSE,NA,NA
"249","HONORARY ALIEN (advertising) on @hitRECord https://t.co/ObmTFOUU4y",FALSE,0,NA,2018-12-06 20:52:38,FALSE,NA,"1070783092422410240",NA,"<a href=""http://twitter.com"" rel=""nofollow"">Twitter Web Client</a>","JamesPhKotsybar",0,FALSE,FALSE,NA,NA
"250","@ViciousVixxenV üíØ",FALSE,0,"ViciousVixxenV",2018-12-06 20:50:31,FALSE,"1070780835190726657","1070782560018386945","238313253","<a href=""http://twitter.com"" rel=""nofollow"">Twitter Web Client</a>","hitRECord",0,FALSE,FALSE,NA,NA
"251","@Chrissy_fd @ViciousVixxenV @EmmasLens Gentle nudge, time to contribute üòâ",FALSE,4,"Chrissy_fd",2018-12-06 20:47:32,FALSE,"1070721115817881602","1070781809045032960","484895429","<a href=""http://twitter.com"" rel=""nofollow"">Twitter Web Client</a>","hitRECord",0,FALSE,FALSE,NA,NA
"252","LOVED this contribution by @Raphaelle_H to the ""Night Marys"" Short Film Challenge on @hitRECord - come help us deve‚Ä¶ https://t.co/cPFrqVgFBi",FALSE,6,NA,2018-12-06 20:46:25,TRUE,NA,"1070781529574567938",NA,"<a href=""http://twitter.com"" rel=""nofollow"">Twitter Web Client</a>","Humber_FLOOB",0,FALSE,FALSE,NA,NA
"253","Turning pain into inspiration üôè But we're glad to hear you're ok! https://t.co/A4nMvUhpyd",FALSE,15,NA,2018-12-06 20:46:23,FALSE,NA,"1070781521588477953",NA,"<a href=""http://twitter.com"" rel=""nofollow"">Twitter Web Client</a>","hitRECord",4,FALSE,FALSE,NA,NA
"254","@tinakien Ooooooo agreed... What does Little Red Riding Hood teach us? ""..Failure is not failure until we allow it‚Ä¶ https://t.co/d0c6oMIhRe",FALSE,2,"tinakien",2018-12-06 20:44:38,TRUE,"1070775180857815040","1070781081832443904","32535056","<a href=""http://twitter.com"" rel=""nofollow"">Twitter Web Client</a>","hitRECord",2,FALSE,FALSE,NA,NA
"255","@hitRECord It also pairs perfectly when dressing up as characters from books üìö ... #tbt Halloween 2017 https://t.co/LphDFU3leP",FALSE,3,"hitRECord",2018-12-06 20:43:39,FALSE,"1070771861531836416","1070780835190726657","24815314","<a href=""http://twitter.com/download/iphone"" rel=""nofollow"">Twitter for iPhone</a>","ViciousVixxenV",0,FALSE,FALSE,NA,NA
"256","Modern Odyssey Part I : The Prayer
Coming to streaming services in 3 days. The idea born in @hitRECord #soundtrack‚Ä¶ https://t.co/iUkFUb10Pc",FALSE,1,NA,2018-12-06 20:23:12,TRUE,NA,"1070775688033124352",NA,"<a href=""http://twitter.com/#!/download/ipad"" rel=""nofollow"">Twitter for iPad</a>","aknilofficial",1,FALSE,FALSE,NA,NA
"257","@hitRECord Got mine! 10/10 üòäI really like pages 40-45. https://t.co/WOfYe8JcHb",FALSE,2,"hitRECord",2018-12-06 20:21:11,FALSE,"1070771861531836416","1070775180857815040","24815314","<a href=""http://twitter.com/download/iphone"" rel=""nofollow"">Twitter for iPhone</a>","tinakien",0,FALSE,FALSE,NA,NA
"258","Name these two characters.

Add all your ideas here: https://t.co/O9xShASZg7 https://t.co/K3d8hpNO7l",FALSE,197,NA,2018-12-06 20:17:01,FALSE,NA,"1070774132437118976",NA,"<a href=""https://buffer.com"" rel=""nofollow"">Buffer</a>","hitRECordJoe",19,FALSE,FALSE,NA,NA
"259","Inspired by my bike accident yesterday, this week's theme for the Crate Challenge @hitRECord is BROKEN.‚Ä¶ https://t.co/xLlJzeLdbN",FALSE,0,NA,2018-12-06 20:13:36,TRUE,NA,"1070773269278744576",NA,"<a href=""http://twitter.com"" rel=""nofollow"">Twitter Web Client</a>","sarameijer",0,FALSE,FALSE,NA,NA
"260","Little Red Riding Hood like you‚Äôve never seen before. This book is the perfect gift for the badass women in your li‚Ä¶ https://t.co/i0CfmxwjtT",FALSE,13,NA,2018-12-06 20:08:00,TRUE,NA,"1070771861531836416",NA,"<a href=""https://about.twitter.com/products/tweetdeck"" rel=""nofollow"">TweetDeck</a>","hitRECord",3,FALSE,FALSE,NA,NA
"261","Happy #bday to my day 1 @skillievanillie together we created this #hitrecord prod by @izzahhenry called #elchapo it‚Ä¶ https://t.co/DSH38fEx1N",FALSE,0,NA,2018-12-06 20:01:46,TRUE,NA,"1070770293386305536",NA,"<a href=""http://instagram.com"" rel=""nofollow"">Instagram</a>","hydrostudios611",3,FALSE,FALSE,"-78.8494","42.9047"
"262","Golden Review  on @hitRECord https://t.co/FReJx0xVc1",FALSE,0,NA,2018-12-06 19:39:40,FALSE,NA,"1070764733068800000",NA,"<a href=""http://twitter.com"" rel=""nofollow"">Twitter Web Client</a>","JamesPhKotsybar",0,FALSE,FALSE,NA,NA
"263","#LArain giving you all the feels? Take a photo and contribute to this week's #LensProject on emotion: https://t.co/xuA9rgiU6t",FALSE,7,NA,2018-12-06 19:30:09,FALSE,NA,"1070762336460435456",NA,"<a href=""https://buffer.com"" rel=""nofollow"">Buffer</a>","hitRECord",1,FALSE,FALSE,NA,NA
"264","@jenvargas üôåüôåüôå",FALSE,1,"jenvargas",2018-12-06 18:48:21,FALSE,"1070728070955450368","1070751817061912576","14707086","<a href=""http://twitter.com"" rel=""nofollow"">Twitter Web Client</a>","hitRECord",0,FALSE,FALSE,NA,NA
"265","@nattypooh33 https://t.co/L1VF6OdHZK",FALSE,1,"nattypooh33",2018-12-06 18:41:06,FALSE,NA,"1070749994716663809","487094243","<a href=""http://twitter.com/download/iphone"" rel=""nofollow"">Twitter for iPhone</a>","Bball3151",0,FALSE,FALSE,NA,NA
"266","People say #science and #art are two separate worlds, but we think it‚Äôs a false divide. This book is a celebration‚Ä¶ https://t.co/oBPoZEF2YF",FALSE,12,NA,2018-12-06 18:02:00,TRUE,NA,"1070740152732008451",NA,"<a href=""https://about.twitter.com/products/tweetdeck"" rel=""nofollow"">TweetDeck</a>","hitRECord",3,FALSE,FALSE,NA,NA
"267","@hitRECord Mugs!!!",FALSE,1,"hitRECord",2018-12-06 18:00:43,FALSE,"1070514918082797568","1070739831976796162","24815314","<a href=""http://twitter.com/download/android"" rel=""nofollow"">Twitter for Android</a>","ilabriceno",0,FALSE,FALSE,NA,NA
"268","HITRECORD„ÅÆ„Éë„Éº„Ç´„ÉºÊ¨≤„Åó„ÅÑüò≠üò≠",FALSE,0,NA,2018-12-06 17:48:10,FALSE,NA,"1070736669593100288",NA,"<a href=""http://twitter.com/download/iphone"" rel=""nofollow"">Twitter for iPhone</a>","daifuku290450",0,FALSE,FALSE,NA,NA
"269","#STEAM programs should be as mainstream as #STEM programs. In fact, I personally think STEAM should replace STEM th‚Ä¶ https://t.co/rWEq72cOb5",FALSE,3,NA,2018-12-06 17:13:59,TRUE,NA,"1070728070955450368",NA,"<a href=""http://twitter.com/download/iphone"" rel=""nofollow"">Twitter for iPhone</a>","jenvargas",0,FALSE,FALSE,NA,NA
"270","#PHOTOGRAPHERS We need black and white üì∏ for a short film! Check out the challenge here: https://t.co/xxyi5a8ONv  @hitrecord",FALSE,35,NA,2018-12-06 17:08:36,FALSE,NA,"1070726715117232129",NA,"<a href=""http://twitter.com"" rel=""nofollow"">Twitter Web Client</a>","KaliBali87",6,FALSE,FALSE,NA,NA
"271","Holiday hoodies + special limited shipping rates ‚Äî check 'em: https://t.co/34bEKiyDqU https://t.co/pnEGMob6DA",FALSE,63,NA,2018-12-06 17:06:20,FALSE,NA,"1070726145220390912",NA,"<a href=""http://twitter.com"" rel=""nofollow"">Twitter Web Client</a>","hitRECordJoe",5,FALSE,FALSE,NA,NA
"272","People say #science and #art are two separate worlds, but we think it‚Äôs a false divide. This book is a celebration‚Ä¶ https://t.co/uZ9EfZ00G4",FALSE,16,NA,2018-12-06 17:02:00,TRUE,NA,"1070725052977557504",NA,"<a href=""https://about.twitter.com/products/tweetdeck"" rel=""nofollow"">TweetDeck</a>","hitRECord",2,FALSE,FALSE,NA,NA
"273","Write a story using 6 words: https://t.co/oHlAuJ7dhd",FALSE,196,NA,2018-12-06 16:47:10,FALSE,NA,"1070721320336482304",NA,"<a href=""https://buffer.com"" rel=""nofollow"">Buffer</a>","hitRECordJoe",18,FALSE,FALSE,NA,NA
"274","@ViciousVixxenV @EmmasLens @hitRECord Can you remind me in about 4 hours about this!!! I would love to do it!",FALSE,3,"ViciousVixxenV",2018-12-06 16:46:21,FALSE,"1070508788329926657","1070721115817881602","238313253","<a href=""http://twitter.com/download/iphone"" rel=""nofollow"">Twitter for iPhone</a>","Chrissy_fd",0,FALSE,FALSE,NA,NA
"275","#Trip2Miami geedav50 #newmusicalert #newartist #slattüêç #xxlfreshman2019 #stl #miami #HitRecord https://t.co/HgVUtcuYhs",FALSE,2,NA,2018-12-06 15:53:33,FALSE,NA,"1070707828850081793",NA,"<a href=""http://instagram.com"" rel=""nofollow"">Instagram</a>","RMusic65",1,FALSE,FALSE,NA,NA
"276","@hitRECordJoe @hitRECord @MullenTravis87 This is what I was referring to.",FALSE,1,"hitRECordJoe",2018-12-06 15:39:00,FALSE,"1070062191120969729","1070704164836134912","24807616","<a href=""http://twitter.com/download/iphone"" rel=""nofollow"">Twitter for iPhone</a>","CeeJoy11",0,FALSE,FALSE,NA,NA
"277","Our take on Little Red Riding Hood.  It's a beautiful book. 

Definitely *not* for children though:‚Ä¶ https://t.co/J2toHfVBgv",FALSE,87,NA,2018-12-06 15:08:04,TRUE,NA,"1070696382695116800",NA,"<a href=""https://buffer.com"" rel=""nofollow"">Buffer</a>","hitRECordJoe",9,FALSE,FALSE,NA,NA
"278","@dgcmusi @YouTube @CLASSICROCK1011 @Wave80radio @ilovethe80s_ @newmusicbox @hitRECord @spotifypiano @KeyboardMag Very good!",FALSE,1,"dgcmusi",2018-12-06 13:43:21,FALSE,"1069864795032223744","1070675061336629248","317919715","<a href=""http://twitter.com/download/android"" rel=""nofollow"">Twitter for Android</a>","summerchild810",0,FALSE,FALSE,NA,NA
"279","She had a great big heart
But very little grace

Every time she fell in love
She landed on her face‚Ä¶ https://t.co/JujDgZaHdE",FALSE,813,NA,2018-12-06 13:26:03,TRUE,NA,"1070670706843754497",NA,"<a href=""https://buffer.com"" rel=""nofollow"">Buffer</a>","hitRECordJoe",161,FALSE,FALSE,NA,NA
"280","Who can do the voice for an oblivious, cockney caterpillar named Ross, who can't stop eating?! ...Piece. Of. Cake.‚Ä¶ https://t.co/m6wSA0G4bK",FALSE,33,NA,2018-12-06 13:19:01,TRUE,NA,"1070668939099824128",NA,"<a href=""http://twitter.com"" rel=""nofollow"">Twitter Web Client</a>","SabineBuchanan",7,FALSE,FALSE,NA,NA
"281","Unnecessary anger and rage: https://t.co/pnWs3XIRH1",FALSE,67,NA,2018-12-06 12:01:00,FALSE,NA,"1070649303612473344",NA,"<a href=""https://buffer.com"" rel=""nofollow"">Buffer</a>","hitRECordJoe",11,FALSE,FALSE,NA,NA
"282","@cjcurcio @hitRECord Thanks :)",FALSE,1,"cjcurcio",2018-12-06 08:47:10,FALSE,"1070471876177215489","1070600525111009280","16407354","<a href=""http://twitter.com/download/iphone"" rel=""nofollow"">Twitter for iPhone</a>","aknilofficial",0,FALSE,FALSE,NA,NA
"283","...If you need your Xmas music to have a bit more . . . swagger...
...then check out my recent remix on @hitRECord https://t.co/ThBM2ojDM2",FALSE,0,NA,2018-12-06 08:11:11,FALSE,NA,"1070591470275518464",NA,"<a href=""http://twitter.com"" rel=""nofollow"">Twitter Web Client</a>","elihooper",0,FALSE,FALSE,NA,NA
"284","#MoneyMaker in Miami today! Shooting the video of ‚ÄúMoney Maker‚Äù by @trmarchand mcdonaldtv featuring @zionylennoxpr‚Ä¶ https://t.co/YhC1o3XCwu",FALSE,5,NA,2018-12-06 06:00:32,TRUE,NA,"1070558590094708736",NA,"<a href=""http://instagram.com"" rel=""nofollow"">Instagram</a>","jonathafinegold",1,FALSE,FALSE,"-80.199","25.8006"
"285","@hitRECordJoe My Fav. https://t.co/s5GUzCHRG6",FALSE,2,"hitRECordJoe",2018-12-06 05:25:26,FALSE,"1070548905388068869","1070549756328468480","24807616","<a href=""http://twitter.com/download/android"" rel=""nofollow"">Twitter for Android</a>","mystic247",0,FALSE,FALSE,NA,NA
"286","bad Ass ...  https://t.co/QTOEfowNMc",FALSE,0,NA,2018-12-06 05:23:00,FALSE,NA,"1070549145696550912",NA,"<a href=""http://twitter.com/download/android"" rel=""nofollow"">Twitter for Android</a>","mystic247",0,FALSE,FALSE,NA,NA
"287","Full disclosure ‚Äî this is a hustling post.

But it's the holidays, and you're probably getting gifts, so to entice‚Ä¶ https://t.co/JOwOu4BGxq",FALSE,103,NA,2018-12-06 05:22:03,TRUE,NA,"1070548905388068869",NA,"<a href=""https://buffer.com"" rel=""nofollow"">Buffer</a>","hitRECordJoe",6,FALSE,FALSE,NA,NA
"288","@hitRECord Too cute!!!",FALSE,0,"hitRECord",2018-12-06 05:08:03,FALSE,"1070514918082797568","1070545380037799936","24815314","<a href=""http://twitter.com"" rel=""nofollow"">Twitter Web Client</a>","cjcurcio",0,FALSE,FALSE,NA,NA
"289","https://t.co/nP9w5eivX9",FALSE,0,NA,2018-12-06 04:36:57,FALSE,NA,"1070537555798515712",NA,"<a href=""http://twitter.com/download/iphone"" rel=""nofollow"">Twitter for iPhone</a>","symbolic_doc",0,FALSE,FALSE,NA,NA
"290","@ViciousVixxenV @hitRECord Ok. Thank you!",FALSE,1,"ViciousVixxenV",2018-12-06 04:04:21,FALSE,"1070528855679660032","1070529352507539456","238313253","<a href=""http://twitter.com/download/iphone"" rel=""nofollow"">Twitter for iPhone</a>","Desiree_DMartin",0,FALSE,FALSE,NA,NA
"291","@Desiree_DMartin @hitRECord Click the link of the challenge in the post, read over the script, choose a character a‚Ä¶ https://t.co/l67vADJQMg",FALSE,1,"Desiree_DMartin",2018-12-06 04:02:23,TRUE,"1070526617032814592","1070528855679660032","322798199","<a href=""http://twitter.com/download/iphone"" rel=""nofollow"">Twitter for iPhone</a>","ViciousVixxenV",0,FALSE,FALSE,NA,NA
"292","@ViciousVixxenV @hitRECord Interested. What do I need to do?",FALSE,1,"ViciousVixxenV",2018-12-06 03:53:29,FALSE,"1070508788329926657","1070526617032814592","238313253","<a href=""http://twitter.com/download/iphone"" rel=""nofollow"">Twitter for iPhone</a>","Desiree_DMartin",0,FALSE,FALSE,NA,NA
"293","Super creepy goblins wearing human clothing doing normal, everyday kinda jobs: https://t.co/nAkEfWb9N6",FALSE,104,NA,2018-12-06 03:14:00,FALSE,NA,"1070516682005864448",NA,"<a href=""https://buffer.com"" rel=""nofollow"">Buffer</a>","hitRECordJoe",6,FALSE,FALSE,NA,NA
"294","Coffee anyone? These mugs make for great stocking stuffers. Order them NOW to get them in time for the holidays!‚Ä¶ https://t.co/eBNyHLzz4p",FALSE,26,NA,2018-12-06 03:07:00,TRUE,NA,"1070514918082797568",NA,"<a href=""https://about.twitter.com/products/tweetdeck"" rel=""nofollow"">TweetDeck</a>","hitRECord",2,FALSE,FALSE,NA,NA
"295","The script is already written &amp; now we are looking for people to voice the characters for ""Something Came down the‚Ä¶ https://t.co/bdf7TvD0Jq",FALSE,88,NA,2018-12-06 02:42:38,TRUE,NA,"1070508788329926657",NA,"<a href=""http://twitter.com"" rel=""nofollow"">Twitter Web Client</a>","ViciousVixxenV",15,FALSE,FALSE,NA,NA
"296","Looking for some cool #artwork to gift to a friend for the holidays? Check out these posters designed collaborative‚Ä¶ https://t.co/aqxO0uyWQb",FALSE,16,NA,2018-12-06 01:44:00,TRUE,NA,"1070494030314790912",NA,"<a href=""https://about.twitter.com/products/tweetdeck"" rel=""nofollow"">TweetDeck</a>","hitRECord",3,FALSE,FALSE,NA,NA
"297","I believe this is what they call a **flash sale** 

Offering *free shipping* here in the U.S. for orders over $50.‚Ä¶ https://t.co/cD22vl7u6J",FALSE,74,NA,2018-12-06 00:47:45,TRUE,NA,"1070479874920349696",NA,"<a href=""http://twitter.com"" rel=""nofollow"">Twitter Web Client</a>","hitRECordJoe",7,FALSE,FALSE,NA,NA
"298","@aknilofficial @hitRECord Gorgeous!",FALSE,1,"aknilofficial",2018-12-06 00:15:58,FALSE,"1070385869327085568","1070471876177215489","999362646607613955","<a href=""http://twitter.com"" rel=""nofollow"">Twitter Web Client</a>","cjcurcio",0,FALSE,FALSE,NA,NA
"299","What a wonderful idea/challenge! I'm in! https://t.co/EjNaeEOLfl",FALSE,2,NA,2018-12-06 00:14:54,FALSE,NA,"1070471608668700678",NA,"<a href=""http://twitter.com"" rel=""nofollow"">Twitter Web Client</a>","cjcurcio",0,FALSE,FALSE,NA,NA
"300","So sweet. Lovely! https://t.co/krj5y58cRK",FALSE,1,NA,2018-12-06 00:12:55,FALSE,NA,"1070471111035490305",NA,"<a href=""http://twitter.com"" rel=""nofollow"">Twitter Web Client</a>","cjcurcio",0,FALSE,FALSE,NA,NA
"301","Limited time only! Free shipping on all domestic orders over $50 on the entire RECord store! Shop now‚Ä¶ https://t.co/GBIJMy36Xl",FALSE,31,NA,2018-12-06 00:08:55,TRUE,NA,"1070470104461144064",NA,"<a href=""http://twitter.com"" rel=""nofollow"">Twitter Web Client</a>","hitRECord",4,FALSE,FALSE,NA,NA
"302","Something's very much out of place here... https://t.co/5p0ZxX4Wwz",FALSE,53,NA,2018-12-05 23:42:00,FALSE,NA,"1070463330295398400",NA,"<a href=""https://buffer.com"" rel=""nofollow"">Buffer</a>","hitRECordJoe",11,FALSE,FALSE,NA,NA
"303","Two short lines of voice over need to be performed here: https://t.co/nXSySoCdnO",FALSE,77,NA,2018-12-05 21:24:01,FALSE,NA,"1070428602313912321",NA,"<a href=""https://buffer.com"" rel=""nofollow"">Buffer</a>","hitRECordJoe",11,FALSE,FALSE,NA,NA
"304","https://t.co/AEWMdYvFbR",FALSE,0,NA,2018-12-05 20:48:58,FALSE,NA,"1070419782271299584",NA,"<a href=""http://twitter.com/download/android"" rel=""nofollow"">Twitter for Android</a>","ivkky",0,FALSE,FALSE,NA,NA
"305","The focus of this week's #LensProject is emotion. That's the prompt, so feel free to interpret it through a camera‚Ä¶ https://t.co/BSby0qN7bH",FALSE,13,NA,2018-12-05 20:43:58,TRUE,NA,"1070418524055719937",NA,"<a href=""http://twitter.com"" rel=""nofollow"">Twitter Web Client</a>","hitRECord",2,FALSE,FALSE,NA,NA
"306","35mm York https://t.co/OiJDBD7EkS @hitRECord #photography #photos #streetphotography #people #candids #york #city‚Ä¶ https://t.co/dc3tOaP0fC",FALSE,0,NA,2018-12-05 20:34:59,TRUE,NA,"1070416265041321984",NA,"<a href=""http://twitter.com"" rel=""nofollow"">Twitter Web Client</a>","EmmasLens",2,FALSE,FALSE,NA,NA
"307","35mm https://t.co/b9CQvU4mlP #photography #photos #macro #macrophotography #seashells #shells #pattern #patterns‚Ä¶ https://t.co/FgGGV72KXe",FALSE,0,NA,2018-12-05 20:33:43,TRUE,NA,"1070415947717062661",NA,"<a href=""http://twitter.com"" rel=""nofollow"">Twitter Web Client</a>","EmmasLens",0,FALSE,FALSE,NA,NA
"308","35mm https://t.co/sAuQA9jlo1 @hitRECord #photography #photos #abstract #shadows #35mm #35mmphotography‚Ä¶ https://t.co/Z6UdxHBsuc",FALSE,3,NA,2018-12-05 20:32:24,TRUE,NA,"1070415614244724736",NA,"<a href=""http://twitter.com"" rel=""nofollow"">Twitter Web Client</a>","EmmasLens",0,FALSE,FALSE,NA,NA
"309","Damn, awesome! Someone remixed my remix of ""Do What You Love"" -- used my vocal stem and mashed it up with another i‚Ä¶ https://t.co/UHj7yKZnaK",FALSE,7,NA,2018-12-05 19:43:08,TRUE,NA,"1070403214149771264",NA,"<a href=""http://twitter.com"" rel=""nofollow"">Twitter Web Client</a>","mementohiphop",1,FALSE,FALSE,NA,NA
"310","What's on this bunny's mind??? (add a sentence here: https://t.co/DWsUrPGCqt) https://t.co/V6aBiMndnY",FALSE,241,NA,2018-12-05 19:34:07,FALSE,NA,"1070400946813972480",NA,"<a href=""https://buffer.com"" rel=""nofollow"">Buffer</a>","hitRECordJoe",18,FALSE,FALSE,NA,NA
"311","@aknilofficial üëèüëèüëèüëèüëè",FALSE,1,"aknilofficial",2018-12-05 19:12:39,FALSE,"1070393907048038400","1070395543862407168","999362646607613955","<a href=""http://twitter.com"" rel=""nofollow"">Twitter Web Client</a>","hitRECord",0,FALSE,FALSE,NA,NA
"312","@hitRECord Done. Sounds like the perfect challenge for this composition :)
@hitRECord",FALSE,1,"hitRECord",2018-12-05 19:12:15,FALSE,"1070390146996961280","1070395442209411075","24815314","<a href=""http://twitter.com/download/android"" rel=""nofollow"">Twitter for Android</a>","aknilofficial",0,FALSE,FALSE,NA,NA
"313","@hitRECord the record 
https://t.co/ebLpS5lkbA",FALSE,1,"hitRECord",2018-12-05 19:06:09,FALSE,NA,"1070393907048038400","24815314","<a href=""http://twitter.com/download/android"" rel=""nofollow"">Twitter for Android</a>","aknilofficial",0,FALSE,FALSE,NA,NA
"314","Love this delightful @hitRECord challenge by @hellojohnalan
- ""Write 10 Kind Reminders you wish to share for yourse‚Ä¶ https://t.co/OjHuVxtlxx",FALSE,15,NA,2018-12-05 18:19:08,TRUE,NA,"1070382074727526401",NA,"<a href=""http://twitter.com"" rel=""nofollow"">Twitter Web Client</a>","JerzyJung",2,FALSE,FALSE,NA,NA
